Date,Open,High,Low,Close,Adj Close,Volume
8/22/2019,293.230011,293.929993,290.399994,292.359985,270.218018,51666400
8/23/2019,290.920013,292.76001,283.470001,284.850006,263.276825,149161500
8/26/2019,287.269989,288,285.579987,288,266.188263,72423800
8/27/2019,289.540009,289.950012,286.029999,286.869995,265.143829,66668900
8/28/2019,286.140015,289.070007,285.25,288.890015,267.010925,59696700
8/29/2019,291.720001,293.160004,290.609985,292.579987,270.421326,57899400
8/30/2019,294.220001,294.23999,291.420013,292.450012,270.301178,62901200
9/3/2019,290.570007,291.579987,289.269989,290.73999,268.720642,69101400
9/4/2019,293.140015,294.059998,292.309998,294.040009,271.770782,46887300
9/5/2019,296.790009,298.829987,294,297.820007,275.264526,83258100
9/6/2019,298.170013,298.76001,297.420013,298.049988,275.477142,49584300
9/9/2019,299.140015,299.23999,297.160004,298.200012,275.615784,51260300
9/10/2019,297.359985,298.200012,295.970001,298.130005,275.551086,57947100
9/11/2019,298.470001,300.339996,297.75,300.25,277.51059,68821100
9/12/2019,301.25,302.459991,300.410004,301.290009,278.47168,72908700
9/13/2019,301.779999,302.170013,300.679993,301.089996,278.286835,62104800
9/16/2019,299.839996,301.140015,299.450012,300.160004,277.427246,58191200
9/17/2019,299.940002,301.019989,299.75,300.920013,278.129791,41475500
9/18/2019,300.48999,301.220001,298.23999,301.100006,278.296112,73375800
9/19/2019,301.529999,302.630005,300.709991,301.079987,278.277649,76560500
9/20/2019,300.359985,300.670013,297.410004,298.279999,276.96283,89565000
9/23/2019,297.549988,299,297.269989,298.209991,276.897827,43476800
9/24/2019,299.410004,299.839996,294.809998,295.869995,274.725037,94869400
9/25/2019,295.959991,298.109985,294.329987,297.619995,276.350006,71854000
9/26/2019,297.630005,297.859985,295.450012,297,275.774353,56179700
9/27/2019,297.829987,297.950012,293.690002,295.399994,274.288696,84746600
9/30/2019,295.970001,297.549988,295.920013,296.769989,275.560699,51662400
10/1/2019,297.73999,298.459991,293,293.23999,272.28299,88242400
10/2/2019,291.5,291.51001,286.640015,288.059998,267.473206,122539500
10/3/2019,287.809998,290.450012,284.820007,290.420013,269.664581,85278800
10/4/2019,291.140015,294.630005,291.079987,294.350006,273.31369,65091200
10/7/2019,293.470001,295.26001,292.769989,293.079987,272.134491,59610500
10/8/2019,291.040009,291.850006,288.48999,288.529999,267.909546,95708100
10/9/2019,290.75,292.299988,290.059998,291.269989,270.453827,62359400
10/10/2019,291.179993,294.209991,291,293.23999,272.28299,55296300
10/11/2019,296.269989,298.73999,296.140015,296.279999,275.105743,98720400
10/14/2019,295.929993,296.670013,295.570007,295.950012,274.799316,40394800
10/15/2019,297.100006,299.700012,296.970001,298.880005,277.519958,46754500
10/16/2019,298.369995,299.160004,297.920013,298.399994,277.074219,48928200
10/17/2019,299.679993,300.23999,298.519989,299.279999,277.891296,45736600
10/18/2019,298.690002,299.399994,297.029999,297.970001,276.674927,64304000
10/21/2019,299.420013,300.209991,298.940002,299.98999,278.550598,39048600
10/22/2019,300.579987,300.899994,298.910004,299.01001,277.640686,48594700
10/23/2019,298.730011,299.940002,298.5,299.880005,278.448486,34352200
10/24/2019,300.910004,301.070007,299.459991,300.369995,278.903473,35453100
10/25/2019,299.73999,302.200012,299.679993,301.600006,280.045532,45205400
10/28/2019,302.940002,303.850006,302.910004,303.299988,281.624023,42147000
10/29/2019,303,304.230011,302.859985,303.209991,281.540466,44284900
10/30/2019,303.429993,304.549988,301.98999,304.140015,282.404053,49643900
10/31/2019,304.130005,304.130005,301.730011,303.329987,281.651947,69053800
11/1/2019,304.920013,306.190002,304.73999,306.140015,284.261017,71141500
11/4/2019,307.850006,308,306.959991,307.369995,285.403198,60606900
11/5/2019,307.589996,307.920013,306.709991,307.029999,285.087463,42933200
11/6/2019,307.029999,307.399994,306.059998,307.100006,285.152496,46487100
11/7/2019,308.570007,309.649994,307.660004,308.179993,286.155273,54272300
11/8/2019,307.799988,309,307.029999,308.940002,286.860962,49032100
11/11/2019,307.420013,308.540009,307.269989,308.350006,286.31308,35797300
11/12/2019,308.75,309.98999,308.149994,309,286.916656,46484600
11/13/2019,307.910004,309.540009,307.660004,309.100006,287.009552,53917700
11/14/2019,308.790009,309.640015,308.089996,309.549988,287.427368,51219900
11/15/2019,311.019989,311.839996,310.26001,311.790009,289.507355,62023600
11/18/2019,311.529999,312.279999,311.029999,312.019989,289.720886,49228000
11/19/2019,312.679993,312.690002,311.220001,311.929993,289.637299,67804700
11/20/2019,311.279999,311.850006,309.059998,310.769989,288.560181,79406200
11/21/2019,310.890015,311.01001,309.390015,310.269989,288.095947,54664700
11/22/2019,311.089996,311.23999,309.850006,310.959991,288.736633,44850200
11/25/2019,311.980011,313.369995,311.980011,313.369995,290.974396,48647200
11/26/2019,313.410004,314.279999,313.059998,314.079987,291.633606,37569000
11/27/2019,314.609985,315.480011,314.369995,315.480011,292.933624,44444600
11/29/2019,314.859985,315.130005,314.059998,314.309998,291.847229,36592700
12/2/2019,314.589996,314.660004,311.170013,311.640015,289.368042,75767800
12/3/2019,308.649994,309.640015,307.130005,309.549988,287.427368,73941700
12/4/2019,310.700012,312.119995,310.320007,311.459991,289.200836,49080000
12/5/2019,312.230011,312.25,310.579987,312.019989,289.720886,40709000
12/6/2019,314.119995,315.309998,314.109985,314.869995,292.367188,48927000
12/9/2019,314.440002,315.179993,313.799988,313.880005,291.447937,34838500
12/10/2019,313.820007,314.549988,312.809998,313.529999,291.122925,52649800
12/11/2019,314.029999,314.700012,313.440002,314.420013,291.94928,53429100
12/12/2019,314.429993,317.98999,314.170013,317.130005,294.465668,96389600
12/13/2019,316.869995,318.670013,316.019989,317.320007,294.64212,81503900
12/16/2019,319.220001,320.149994,317.25,319.5,296.66629,82749700
12/17/2019,319.920013,320.25,319.480011,319.570007,296.731293,61097700
12/18/2019,320,320.25,319.529999,319.589996,296.749817,48133000
12/19/2019,319.799988,320.980011,319.519989,320.899994,297.966217,85310500
12/20/2019,320.459991,321.970001,319.390015,320.730011,299.272552,147142100
12/23/2019,321.589996,321.649994,321.059998,321.220001,299.729767,52990000
12/24/2019,321.470001,321.519989,320.899994,321.230011,299.739136,20270000
12/26/2019,321.649994,322.950012,321.640015,322.940002,301.334717,30911200
12/27/2019,323.73999,323.799988,322.279999,322.859985,301.26004,42528800
12/30/2019,322.950012,323.100006,320.549988,321.079987,299.599121,49729100
12/31/2019,320.529999,322.130005,320.149994,321.859985,300.326965,57077300
1/2/2020,323.540009,324.890015,322.529999,324.869995,303.135498,59151200
1/3/2020,321.160004,323.640015,321.100006,322.410004,300.840118,77709700
1/6/2020,320.48999,323.730011,320.359985,323.640015,301.987976,55653900
1/7/2020,323.019989,323.540009,322.23999,322.730011,301.138763,40496400
1/8/2020,322.940002,325.779999,322.670013,324.450012,302.743774,68296000
1/9/2020,326.160004,326.730011,325.519989,326.649994,304.796539,48473300
1/10/2020,327.290009,327.459991,325.200012,325.709991,303.919403,53029300
1/13/2020,326.390015,327.959991,325.920013,327.950012,306.009521,47086800
1/14/2020,327.470001,328.619995,326.839996,327.450012,305.542969,62832800
1/15/2020,327.350006,329.019989,327.26001,328.190002,306.233429,72056600
1/16/2020,329.700012,330.920013,329.450012,330.920013,308.780823,54050300
1/17/2020,331.700012,332.179993,330.850006,331.950012,309.741943,95846000
1/21/2020,330.899994,332.179993,330.820007,331.299988,309.135406,77742400
1/22/2020,332.23999,332.950012,331.170013,331.339996,309.172668,48914900
1/23/2020,330.630005,332.170013,329.410004,331.720001,309.527283,51963000
1/24/2020,332.440002,332.529999,327.359985,328.769989,306.774658,87578400
1/27/2020,323.029999,325.119995,322.660004,323.5,301.857269,84062500
1/28/2020,325.059998,327.850006,323.600006,326.890015,305.020508,63834000
1/29/2020,328.380005,328.630005,326.399994,326.619995,304.768463,53888900
1/30/2020,324.359985,327.910004,323.540009,327.679993,305.757568,75491800
1/31/2020,327,327.170013,320.730011,321.730011,300.205719,113845600
2/3/2020,323.350006,326.160004,323.220001,324.119995,302.43576,69083000
2/4/2020,328.070007,330.01001,327.720001,329.059998,307.045227,62573200
2/5/2020,332.269989,333.089996,330.670013,332.859985,310.591095,65951100
2/6/2020,333.910004,334.190002,332.799988,333.980011,311.636078,50359700
2/7/2020,332.820007,333.98999,331.600006,332.200012,309.97522,64139400
2/10/2020,331.230011,334.75,331.190002,334.679993,312.289246,42070000
2/11/2020,336.160004,337.019989,334.679993,335.26001,312.830505,54864500
2/12/2020,336.829987,337.649994,336.429993,337.420013,314.845947,43992700
2/13/2020,335.859985,338.119995,335.559998,337.059998,314.510071,54501900
2/14/2020,337.51001,337.730011,336.200012,337.600006,315.013947,64582200
2/18/2020,336.51001,337.670013,335.209991,336.730011,314.202179,57226200
2/19/2020,337.790009,339.079987,337.480011,338.339996,315.704437,48814700
2/20/2020,337.73999,338.640015,333.679993,336.950012,314.40744,74163400
2/21/2020,335.470001,335.809998,332.579987,333.480011,311.169586,113788200
2/24/2020,323.140015,333.559998,321.23999,322.420013,300.849487,161088400
2/25/2020,323.940002,324.609985,311.690002,312.649994,291.733246,218913200
2/26/2020,314.179993,318.109985,310.700012,311.5,290.660095,194773800
2/27/2020,305.459991,311.559998,297.51001,297.51001,277.605988,284353500
2/28/2020,288.700012,297.890015,285.540009,296.26001,276.439636,384975800
3/2/2020,298.209991,309.160004,294.459991,309.089996,288.411316,238703600
3/3/2020,309.5,313.839996,297.570007,300.23999,280.153381,300139100
3/4/2020,306.119995,313.100006,303.329987,312.859985,291.929047,176613400
3/5/2020,304.980011,308.470001,300.01001,302.459991,282.224792,186366800
3/6/2020,293.149994,298.779999,290.230011,297.459991,277.559357,228667200
3/9/2020,275.299988,284.190002,273.450012,274.230011,255.883514,309417300
3/10/2020,284.640015,288.519989,273.5,288.420013,269.124237,276444100
3/11/2020,280.700012,281.940002,270.880005,274.359985,256.004761,255316300
3/12/2020,256,266.660004,247.679993,248.110001,231.510986,392220700
3/13/2020,263.089996,271.480011,248.520004,269.320007,251.301987,329566100
3/16/2020,241.179993,256.899994,237.360001,239.850006,223.803574,297240000
3/17/2020,245.039993,256.170013,237.070007,252.800003,235.887238,262070500
3/18/2020,236.25,248.369995,228.020004,240,223.943588,327597100
3/19/2020,239.25,247.380005,232.220001,240.509995,224.419464,289322000
3/20/2020,242.529999,244.470001,228.5,228.800003,214.748245,347158800
3/23/2020,228.190002,229.679993,218.259995,222.949997,209.257523,326025200
3/24/2020,234.419998,244.100006,233.800003,243.149994,228.216934,235494500
3/25/2020,244.869995,256.350006,239.75,246.789993,231.633392,299430300
3/26/2020,249.520004,262.799988,249.050003,261.200012,245.158417,257632800
3/27/2020,253.270004,260.809998,251.050003,253.419998,237.856232,224341200
3/30/2020,255.699997,262.429993,253.529999,261.649994,245.58075,171369500
3/31/2020,260.559998,263.329987,256.220001,257.75,241.920288,194881100
4/1/2020,247.979996,257.660004,243.899994,246.149994,231.032684,189554600
4/2/2020,245.190002,252.679993,244.589996,251.830002,236.363861,177660400
4/3/2020,250.759995,253.320007,245.220001,248.190002,232.947403,135561200
4/6/2020,257.839996,267,248.169998,264.859985,248.593582,188061200
4/7/2020,274.209991,275.029999,264.890015,265.130005,248.847031,201427200
4/8/2020,267.959991,276,265.25,274.029999,257.200439,153774500
4/9/2020,277.579987,281.200012,275.470001,278.200012,261.114319,189999200
4/13/2020,277.140015,277.51001,271.410004,275.660004,258.730347,114839100
4/14/2020,280.980011,284.899994,275.51001,283.790009,266.361023,134143400
4/15/2020,277.570007,283.940002,275.459991,277.76001,260.701416,121775000
4/16/2020,279.149994,280.029999,275.76001,279.100006,261.959106,131798300
4/17/2020,285.380005,287.299988,282.399994,286.640015,269.036041,146684800
4/20/2020,282.609985,286.790009,281.350006,281.589996,264.296112,100109300
4/21/2020,276.730011,278.040009,272.019989,273.040009,256.271271,126385700
4/22/2020,278.350006,281,276.910004,279.100006,261.959106,92951600
4/23/2020,280.48999,283.940002,278.75,279.079987,261.940277,104709700
4/24/2020,280.730011,283.700012,278.5,282.970001,265.591461,85063200
4/27/2020,285.119995,288.269989,284.619995,287.049988,269.420776,77896600
4/28/2020,291.019989,291.399994,285.399994,285.730011,268.181854,105270000
4/29/2020,291.529999,294.880005,290.410004,293.209991,275.202484,118745600
4/30/2020,291.709991,293.320007,288.589996,290.480011,272.640198,122901700
5/1/2020,285.309998,290.660004,281.519989,282.790009,265.422577,125180000
5/4/2020,280.73999,283.899994,279.130005,283.570007,266.154541,80873200
5/5/2020,286.640015,289.25,283.709991,286.190002,268.613678,79569900
5/6/2020,288.040009,288.459991,283.779999,284.25,266.792725,73632600
5/7/2020,287.75,289.779999,287.130005,287.679993,270.012177,75250400
5/8/2020,291.089996,292.950012,289.859985,292.440002,274.479797,76452400
5/11/2020,290.339996,294,289.880005,292.5,274.536133,79514200
5/12/2020,293.790009,294.23999,286.519989,286.670013,269.06424,95870800
5/13/2020,286.059998,287.190002,278.959991,281.600006,264.305603,144721100
5/14/2020,278.950012,285.109985,272.98999,284.970001,267.468597,121977900
5/15/2020,282.369995,286.329987,281.339996,286.279999,268.698181,111146300
5/18/2020,293.049988,296.75,292.700012,295,276.882538,119703800
5/19/2020,294.350006,296.209991,291.950012,291.970001,274.038605,95189300
5/20/2020,295.820007,297.869995,295.570007,296.929993,278.694031,85861700
5/21/2020,296.790009,297.670013,293.690002,294.880005,276.769958,78293900
5/22/2020,294.570007,295.630005,293.220001,295.440002,277.295532,63958200
5/26/2020,301.929993,302.190002,295.459991,299.079987,280.712067,88951400
5/27/2020,302.119995,303.570007,296.869995,303.529999,284.888702,104817400
5/28/2020,304.649994,306.839996,302.23999,302.970001,284.363129,90405200
5/29/2020,302.459991,304.959991,299.470001,304.320007,285.630219,119090800
6/1/2020,303.619995,306.209991,303.059998,305.549988,286.784637,55758300
6/2/2020,306.549988,308.130005,305.100006,308.079987,289.159241,74267200
6/3/2020,310.23999,313.220001,309.940002,312.179993,293.007477,92567600
6/4/2020,311.109985,313,309.079987,311.359985,292.237762,75794400
6/5/2020,317.230011,321.269989,317.160004,319.339996,299.727753,150524700
6/8/2020,320.220001,323.410004,319.630005,323.200012,303.3508,73641200
6/9/2020,320.299988,323.279999,319.359985,320.790009,301.088654,77479200
6/10/2020,321.420013,322.390015,318.220001,319,299.40863,95000800
6/11/2020,311.459991,312.149994,300.01001,300.609985,282.148071,209243600
6/12/2020,308.23999,309.079987,298.600006,304.209991,285.526917,194678900
6/15/2020,298.019989,308.279999,296.73999,307.049988,288.192474,135782700
6/16/2020,315.480011,315.640015,307.670013,312.959991,293.739563,137627500
6/17/2020,314.070007,314.390015,310.859985,311.660004,292.519409,83398900
6/18/2020,310.01001,312.299988,309.51001,311.779999,292.63208,80828700
6/19/2020,314.170013,314.380005,306.529999,308.640015,290.959686,135549600
6/22/2020,307.98999,311.049988,306.75,310.619995,292.826233,74649400
6/23/2020,313.48999,314.5,311.609985,312.049988,294.174286,68471200
6/24/2020,309.839996,310.51001,302.100006,304.089996,286.670288,132813500
6/25/2020,303.470001,307.640015,301.279999,307.350006,289.743591,89468000
6/26/2020,306.160004,306.390015,299.420013,300.049988,282.861755,127961000
6/29/2020,301.410004,304.609985,298.929993,304.459991,287.019135,79773300
6/30/2020,303.98999,310.200012,303.820007,308.359985,290.69574,113394800
7/1/2020,309.570007,311.890015,309.070007,310.519989,292.731964,72396500
7/2/2020,314.23999,315.700012,311.51001,312.230011,294.344025,69344200
7/6/2020,316.369995,317.679993,315.559998,317.049988,298.887878,61713800
7/7/2020,315.380005,317.519989,313.369995,313.779999,295.805267,82910000
7/8/2020,314.609985,316.299988,312.700012,316.179993,298.067719,54638600
7/9/2020,316.839996,317.100006,310.679993,314.380005,296.37088,83354200
7/10/2020,314.309998,317.880005,312.76001,317.589996,299.396973,57550400
7/13/2020,320.130005,322.709991,314.130005,314.839996,296.804535,102997500
7/14/2020,313.299988,319.76001,312,318.920013,300.650818,93657000
7/15/2020,322.410004,323.040009,319.269989,321.850006,303.412994,87196500
7/16/2020,319.790009,321.279999,319.089996,320.790009,302.413666,54622500
7/17/2020,321.880005,322.570007,319.73999,321.720001,303.290344,62774900
7/20/2020,321.429993,325.130005,320.619995,324.320007,305.741425,56308800
7/21/2020,326.450012,326.929993,323.940002,325.01001,306.391937,57292200
7/22/2020,324.619995,327.200012,324.5,326.859985,308.135864,57792900
7/23/2020,326.470001,327.230011,321.480011,322.959991,304.459381,75738000
7/24/2020,320.950012,321.98999,319.25,320.880005,302.498474,73766600
7/27/2020,321.630005,323.410004,320.769989,323.220001,304.704437,48293000
7/28/2020,322.429993,323.640015,320.850006,321.170013,302.771881,57495000
7/29/2020,322.119995,325.730011,322.079987,325.119995,306.495636,48454200
7/30/2020,321.899994,324.410004,319.640015,323.959991,305.4021,61861700
7/31/2020,325.899994,326.630005,321.329987,326.519989,307.815399,84986800
8/3/2020,328.320007,329.619995,327.730011,328.790009,309.955414,53077900
8/4/2020,327.859985,330.059998,327.859985,330.059998,311.15271,41917900
8/5/2020,331.470001,332.390015,331.179993,332.109985,313.085236,42697700
8/6/2020,331.480011,334.459991,331.130005,334.329987,315.177979,43679400
8/7/2020,333.279999,334.880005,332.299988,334.570007,315.404266,57308300
8/10/2020,335.059998,335.769989,332.959991,335.570007,316.347015,44282100
8/11/2020,336.850006,337.540009,332.01001,332.799988,313.735657,69601100
8/12/2020,335.440002,338.279999,335.410004,337.440002,318.109863,53774400
8/13/2020,336.609985,338.25,335.829987,336.829987,317.53479,41816100
8/14/2020,336.410004,337.420013,335.619995,336.839996,317.54425,47260400
8/17/2020,337.940002,338.339996,336.850006,337.910004,318.552979,35481000
8/18/2020,338.339996,339.100006,336.609985,338.640015,319.241119,38733900
8/19/2020,339.049988,339.609985,336.619995,337.230011,317.911896,68054200
8/20/2020,335.359985,338.799988,335.220001,338.279999,318.901764,42207800
8/21/2020,337.920013,339.720001,337.549988,339.480011,320.03302,55106600
8/24/2020,342.119995,343,339.450012,342.920013,323.27594,48588700
8/25/2020,343.529999,344.209991,342.269989,344.119995,324.407196,38463400
8/26/2020,344.76001,347.859985,344.170013,347.570007,327.659607,50790200
8/27/2020,348.51001,349.899994,346.529999,348.329987,328.376038,58034100
8/28/2020,349.440002,350.720001,348.149994,350.579987,330.497101,48588900
8/31/2020,350.350006,351.299988,349.059998,349.309998,329.299896,66099200
9/1/2020,350.209991,352.709991,349.23999,352.600006,332.401459,54908700
9/2/2020,354.670013,358.75,353.429993,357.700012,337.20929,69540000
9/3/2020,355.869995,356.380005,342.589996,345.390015,325.604462,148011100
9/4/2020,346.130005,347.829987,334.869995,342.570007,322.946045,139156300
9/8/2020,336.709991,342.640015,332.880005,333.209991,314.122192,114465300
9/9/2020,337.549988,342.459991,336.609985,339.790009,320.325195,91462300
9/10/2020,341.820007,342.529999,332.850006,333.890015,314.763153,90569500
9/11/2020,335.820007,336.970001,331,334.059998,314.923462,84680200
9/14/2020,337.48999,340.380005,334.220001,338.459991,319.071411,65605700
9/15/2020,341.119995,342.019989,338.470001,340.170013,320.683441,52920900
9/16/2020,341.51001,343.059998,338.519989,338.820007,319.410828,82096000
9/17/2020,333.559998,337.700012,332.98999,335.839996,316.601532,91523300
9/18/2020,335.369995,335.48999,327.970001,330.649994,312.956604,105877900
9/21/2020,325.700012,327.130005,321.730011,326.970001,309.473511,99450800
9/22/2020,328.570007,330.899994,325.859985,330.299988,312.625305,63612100
9/23/2020,330.899994,331.200012,322.100006,322.640015,305.375214,93112200
9/24/2020,321.220001,326.799988,319.799988,323.5,306.189178,76681300
9/25/2020,322.579987,329.579987,321.640015,328.730011,311.139404,71069400
9/28/2020,333.220001,334.959991,332.149994,334.190002,316.307159,64584600
9/29/2020,333.970001,334.769989,331.619995,332.369995,314.584534,51304000
9/30/2020,333.089996,338.290009,332.880005,334.890015,316.969666,104081100
10/1/2020,337.690002,338.73999,335.01001,337.040009,319.0047,88698700
10/2/2020,331.700012,337.01001,331.190002,333.839996,315.97583,89431100
10/5/2020,336.059998,339.959991,336.01001,339.76001,321.579071,45713100
10/6/2020,339.910004,342.170013,334.380005,334.929993,317.007507,90128900
10/7/2020,338.119995,341.630005,338.089996,340.76001,322.525574,56999600
10/8/2020,342.850006,343.850006,341.859985,343.779999,325.383972,45242500
10/9/2020,345.559998,347.350006,344.890015,346.850006,328.289673,59528600
10/12/2020,349.589996,354.019989,349.059998,352.429993,333.571136,80388500
10/13/2020,352.279999,352.470001,349.089996,350.130005,331.394165,73255500
10/14/2020,350.75,351.929993,347.140015,347.929993,329.311859,57727900
10/15/2020,343.709991,348.019989,343.130005,347.5,328.904907,60357700
10/16/2020,348.959991,350.75,347.100006,347.290009,328.706146,89501900
10/19/2020,348.649994,349.329987,341.040009,342.01001,323.70871,68425600
10/20/2020,343.459991,346.880005,342.640015,343.380005,325.005371,60051900
10/21/2020,343.329987,345.670013,342.399994,342.730011,324.390198,63575000
10/22/2020,342.959991,345.23999,340.649994,344.609985,326.169556,55399300
10/23/2020,345.929993,345.98999,343.130005,345.779999,327.276917,49143900
10/26/2020,342.130005,342.980011,335.619995,339.390015,321.228882,91473000
10/27/2020,339.76001,340.119995,337.98999,338.220001,320.121582,65994100
10/28/2020,332.100006,338.25,326.130005,326.660004,309.180054,127094300
10/29/2020,326.910004,333.399994,325.089996,329.980011,312.32254,90597700
10/30/2020,328.279999,329.690002,322.600006,326.540009,309.066528,120287300
11/2/2020,330.200012,332.359985,327.23999,330.200012,312.53064,86068300
11/3/2020,333.690002,338.25,330.290009,336.029999,318.048706,93294200
11/4/2020,340.859985,347.940002,339.589996,343.540009,325.15683,126959700
11/5/2020,349.23999,352.190002,348.859985,350.23999,331.498291,82039700
11/6/2020,349.929993,351.51001,347.649994,350.160004,331.422638,74973000
11/9/2020,363.970001,364.380005,354.059998,354.559998,335.587128,172304200
11/10/2020,353.48999,355.179993,350.51001,354.040009,335.095001,85552000
11/11/2020,356.399994,357.559998,355.059998,356.670013,337.584229,58649000
11/12/2020,355.579987,356.720001,351.26001,353.209991,334.309387,67546200
11/13/2020,355.269989,358.899994,354.709991,358.100006,338.937744,62892200
11/16/2020,360.980011,362.779999,359.589996,362.570007,343.168549,74541100
11/17/2020,359.970001,361.920013,358.339996,360.619995,341.322845,66111000
11/18/2020,360.910004,361.5,356.23999,356.279999,337.215118,70591300
11/19/2020,355.600006,358.179993,354.149994,357.779999,338.634857,59940900
11/20/2020,357.5,357.720001,355.25,355.329987,336.315887,70417300
11/23/2020,357.279999,358.820007,354.869995,357.459991,338.33197,63230600
11/24/2020,360.209991,363.809998,359.290009,363.220001,343.783844,62415900
11/25/2020,363.130005,363.160004,361.480011,362.660004,343.253693,45330900
11/27/2020,363.839996,364.179993,362.579987,363.670013,344.209686,28514100
11/30/2020,362.829987,363.119995,359.170013,362.059998,342.685822,83872700
12/1/2020,365.570007,367.679993,364.929993,366.019989,346.433838,74231400
12/2/2020,364.820007,366.959991,364.200012,366.790009,347.16272,45927000
12/3/2020,366.679993,368.190002,365.5,366.690002,347.068054,62882000
12/4/2020,367.320007,369.850006,367.220001,369.850006,350.05896,50749900
12/7/2020,369.019989,369.619995,367.720001,369.089996,349.339661,48944300
12/8/2020,367.720001,370.779999,367.670013,370.170013,350.361908,42458900
12/9/2020,370.880005,371.049988,365.950012,366.850006,347.219513,74098300
12/10/2020,365.369995,367.859985,364.429993,366.730011,347.105957,57735400
12/11/2020,364.899994,366.73999,363.26001,366.299988,346.698914,57698600
12/14/2020,368.640015,369.799988,364.470001,364.660004,345.146667,69216200
12/15/2020,367.399994,369.589996,365.920013,369.589996,349.812836,63865300
12/16/2020,369.820007,371.160004,368.869995,370.170013,350.361908,58420500
12/17/2020,371.940002,372.459991,371.049988,372.23999,352.321045,64119500
12/18/2020,370.970001,371.149994,367.019989,369.179993,350.914307,136542300
12/21/2020,364.970001,378.459991,362.029999,367.859985,349.659546,96386700
12/22/2020,368.209991,368.329987,366.029999,367.23999,349.070251,47949000
12/23/2020,368.279999,369.619995,367.220001,367.570007,349.383942,46201400
12/24/2020,368.079987,369.029999,367.450012,369,350.743195,26457900
12/28/2020,371.73999,372.589996,371.070007,372.170013,353.756378,39000400
12/29/2020,373.809998,374,370.829987,371.459991,353.081421,53680500
12/30/2020,372.339996,373.100006,371.570007,371.98999,353.585236,49455300
12/31/2020,371.779999,374.660004,371.230011,373.880005,355.381714,78520700
1/4/2021,375.309998,375.450012,364.820007,368.790009,350.543549,110210800
1/5/2021,368.100006,372.5,368.049988,371.329987,352.957886,66426200
1/6/2021,369.709991,376.980011,369.119995,373.549988,355.068085,107997700
1/7/2021,376.100006,379.899994,375.910004,379.100006,360.343475,68766800
1/8/2021,380.589996,381.48999,377.100006,381.26001,362.396606,71677200
1/11/2021,377.850006,380.579987,377.720001,378.690002,359.953674,51034700
1/12/2021,378.890015,379.859985,376.359985,378.769989,360.029785,52547700
1/13/2021,378.690002,380.859985,377.850006,379.790009,360.999329,45303600
1/14/2021,380.589996,381.130005,378.100006,378.459991,359.735077,49989100
1/15/2021,376.720001,377.579987,373.700012,375.700012,357.111694,107160000
1/19/2021,378.339996,379.230011,376.75,378.649994,359.915771,51233300
1/20/2021,381.109985,384.790009,380.690002,383.890015,364.896484,61836100
1/21/2021,384.48999,384.950012,383.25,384.23999,365.229187,47840100
1/22/2021,382.25,384.130005,381.839996,382.880005,363.936432,52860500
1/25/2021,383.670013,384.769989,378.459991,384.390015,365.371765,70402000
1/26/2021,385.410004,385.850006,383.540009,383.790009,364.801392,42665300
1/27/2021,380.220001,380.320007,372.01001,374.410004,355.885529,123351100
1/28/2021,376.359985,381.929993,375.890015,377.630005,358.946228,94198100
1/29/2021,375.630005,376.670013,368.269989,370.070007,351.760223,126765100
2/1/2021,373.720001,377.339996,370.380005,376.230011,357.615479,75817600
2/2/2021,379.649994,383.220001,376.320007,381.549988,362.672211,64450700
2/3/2021,382.440002,383.700012,380.480011,381.850006,362.957397,52427100
2/4/2021,382.959991,386.23999,381.970001,386.190002,367.082733,47142600
2/5/2021,388.200012,388.470001,386.140015,387.709991,368.527466,48669800
2/8/2021,389.269989,390.559998,388.350006,390.51001,371.188965,38365200
2/9/2021,389.609985,390.890015,389.170013,390.25,370.941772,35551100
2/10/2021,392.119995,392.279999,387.5,390.079987,370.780243,59154400
2/11/2021,391.23999,391.690002,388.100006,390.709991,371.379028,42913300
2/12/2021,389.850006,392.899994,389.769989,392.640015,373.213593,50593300
2/16/2021,393.959991,394.170013,391.529999,392.299988,372.890381,50972400
2/17/2021,390.420013,392.660004,389.329987,392.390015,372.975922,52290600
2/18/2021,389.589996,391.519989,387.73999,390.720001,371.38858,59712800
2/19/2021,392.070007,392.380005,389.549988,390.029999,370.732727,83241000
2/22/2021,387.059998,389.619995,386.73999,387.029999,367.881165,67414200
2/23/2021,384.660004,388.950012,380.200012,387.5,368.32785,107284100
2/24/2021,386.329987,392.230011,385.269989,391.769989,372.386566,72433900
2/25/2021,390.410004,391.880005,380.779999,382.329987,363.413635,146670500
2/26/2021,384.350006,385.579987,378.230011,380.359985,361.541168,152701600
3/1/2021,385.589996,390.920013,380.570007,389.579987,370.304932,105348800
3/2/2021,389.820007,390.070007,386,386.540009,367.415375,79595300
3/3/2021,385.790009,386.829987,381.309998,381.420013,362.548737,119940200
3/4/2021,381.220001,384,371.880005,376.700012,358.062256,183433000
3/5/2021,380.459991,384.76001,372.640015,383.630005,364.649353,152039600
3/8/2021,384.660004,387.679993,381.420013,381.720001,362.833862,123149200
3/9/2021,385.850006,389.910004,385.309998,387.170013,368.014191,113633600
3/10/2021,389.690002,391.399994,388.170013,389.579987,370.304932,109899400
3/11/2021,392.230011,395.649994,391.73999,393.529999,374.05957,86245000
3/12/2021,392.070007,394.209991,391.200012,394.059998,374.563324,64653600
3/15/2021,394.329987,396.690002,392.029999,396.410004,376.797089,73427200
3/16/2021,397.070007,397.829987,395.079987,395.910004,376.321777,73722500
3/17/2021,394.529999,398.119995,393.299988,397.26001,377.60495,97959300
3/18/2021,394.480011,396.720001,390.75,391.480011,372.110962,115349100
3/19/2021,389.880005,391.570007,387.149994,389.480011,371.422485,113624500
3/22/2021,390.029999,394.070007,389.970001,392.589996,374.388245,73778600
3/23/2021,391.910004,393.459991,388.660004,389.5,371.441528,90686600
3/24/2021,391,392.75,387.470001,387.519989,369.553345,97588600
3/25/2021,385.980011,390.549988,383.899994,389.700012,371.632263,116128600
3/26/2021,390.929993,396.410004,390.290009,395.980011,377.621094,114409100
3/29/2021,394.399994,396.75,392.809998,395.779999,377.430328,108107600
3/30/2021,394.420013,395.450012,393.019989,394.730011,376.429047,76262200
3/31/2021,395.339996,398,395.309998,396.329987,377.954834,112734200
4/1/2021,398.399994,400.670013,398.179993,400.609985,382.036407,99682900
4/5/2021,403.459991,406.940002,403.380005,406.359985,387.519836,91684800
4/6/2021,405.76001,407.23999,405.399994,406.119995,387.290924,62021000
4/7/2021,405.940002,406.959991,405.450012,406.589996,387.739136,55836300
4/8/2021,407.929993,408.579987,406.929993,408.519989,389.579651,57863100
4/9/2021,408.390015,411.670013,408.26001,411.48999,392.411957,61104600
4/12/2021,410.850006,411.929993,410.200012,411.640015,392.555054,56704900
4/13/2021,411.529999,413.529999,411.119995,412.859985,393.718475,56551000
4/14/2021,412.829987,413.959991,410.869995,411.450012,392.37381,61659900
4/15/2021,413.73999,416.160004,413.690002,415.869995,396.588959,60229800
4/16/2021,417.25,417.910004,415.730011,417.26001,397.91449,82037300
4/19/2021,416.26001,416.73999,413.790009,415.209991,395.959534,78498500
4/20/2021,413.910004,415.089996,410.589996,412.170013,393.060486,81851800
4/21/2021,411.51001,416.290009,411.359985,416.070007,396.779633,66793000
4/22/2021,415.890015,416.779999,411.130005,412.269989,393.155853,97582800
4/23/2021,412.869995,418.25,412.790009,416.73999,397.418579,73209200
4/26/2021,417.440002,418.220001,416.809998,417.609985,398.24823,52182400
4/27/2021,417.929993,418.140015,416.299988,417.519989,398.162415,51303100
4/28/2021,417.809998,419.01001,416.899994,417.399994,398.047974,51238900
4/29/2021,420.320007,420.720001,416.440002,420.059998,400.584686,78544300
4/30/2021,417.630005,418.540009,416.339996,417.299988,397.952606,85527000
5/3/2021,419.429993,419.839996,417.670013,418.200012,398.810883,68128300
5/4/2021,416.070007,416.600006,411.670013,415.619995,396.350494,101591200
5/5/2021,417.380005,417.630005,415.149994,415.75,396.474487,60162200
5/6/2021,415.829987,419.209991,413.679993,419.070007,399.640564,74321400
5/7/2021,419.890015,422.820007,419.160004,422.119995,402.549103,67733800
5/10/2021,422.5,422.73999,417.809998,417.940002,398.562958,81852400
5/11/2021,413.100006,415.269989,410.059998,414.209991,395.00592,116888000
5/12/2021,411.230011,412.589996,404,405.410004,386.613861,134811000
5/13/2021,407.070007,412.350006,407.019989,410.279999,391.258057,106394000
5/14/2021,413.209991,417.48999,413.179993,416.579987,397.265991,82201600
5/17/2021,415.390015,416.390015,413.359985,415.519989,396.255157,65129200
5/18/2021,415.799988,416.059998,411.769989,411.940002,392.841095,59810200
5/19/2021,406.920013,411.049988,405.329987,410.859985,391.811188,106467100
5/20/2021,411.799988,416.630005,411.670013,415.279999,396.026245,78022200
5/21/2021,416.869995,418.200012,414.450012,414.940002,395.701996,76578700
5/24/2021,417.339996,420.320007,417.079987,419.170013,399.735962,51376700
5/25/2021,420.329987,420.709991,417.619995,418.23999,398.848999,57451400
5/26/2021,418.869995,419.609985,417.76001,419.070007,399.640564,43088600
5/27/2021,420.170013,420.720001,418.98999,419.290009,399.850342,56707700
5/28/2021,420.970001,421.25,419.790009,420.040009,400.565521,58520200
6/1/2021,422.570007,422.720001,419.200012,419.670013,400.212769,54216600
6/2/2021,420.369995,421.230011,419.290009,420.329987,400.842133,49097100
6/3/2021,417.850006,419.98999,416.279999,418.769989,399.354431,58138800
6/4/2021,420.75,422.920013,418.839996,422.600006,403.006927,55938800
6/7/2021,422.589996,422.779999,421.190002,422.190002,402.615936,51555000
6/8/2021,423.109985,423.209991,420.320007,422.279999,402.701721,47134300
6/9/2021,423.179993,423.26001,421.410004,421.649994,402.100922,48436300
6/10/2021,422.959991,424.630005,421.549988,423.609985,403.970001,51020100
6/11/2021,424.200012,424.429993,422.820007,424.309998,404.637543,45570800
6/14/2021,424.429993,425.369995,423.100006,425.26001,405.54361,42358500
6/15/2021,425.420013,425.459991,423.540009,424.480011,404.799683,51508500
6/16/2021,424.630005,424.869995,419.920013,422.109985,402.539612,80386100
6/17/2021,421.670013,423.019989,419.320007,421.970001,402.406097,90949700
6/18/2021,417.089996,417.829987,414.700012,414.920013,396.977478,118676300
6/21/2021,416.799988,421.059998,415.929993,420.859985,402.660522,72822000
6/22/2021,420.850006,424,420.079987,423.109985,404.813263,57700300
6/23/2021,423.190002,424.049988,422.51001,422.600006,404.325409,49445400
6/24/2021,424.890015,425.549988,424.619995,425.100006,406.717316,45110300
6/25/2021,425.899994,427.089996,425.549988,426.609985,408.161987,58129500
6/28/2021,427.170013,427.649994,425.890015,427.470001,408.984772,53159600
6/29/2021,427.880005,428.559998,427.130005,427.700012,409.204834,35970500
6/30/2021,427.209991,428.779999,427.179993,428.059998,409.549164,64827900
7/1/2021,428.869995,430.600006,428.799988,430.429993,411.816772,53441000
7/2/2021,431.670013,434.100006,430.519989,433.720001,414.964508,57697700
7/6/2021,433.779999,434.01001,430.01001,432.929993,414.208679,68710400
7/7/2021,433.660004,434.76001,431.51001,434.459991,415.672485,63549500
7/8/2021,428.779999,431.730011,427.519989,430.920013,412.285553,97595200
7/9/2021,432.529999,435.839996,430.709991,435.519989,416.686646,76238600
7/12/2021,435.429993,437.350006,434.970001,437.079987,418.179138,52889600
7/13/2021,436.23999,437.839996,435.309998,435.589996,416.753632,52911300
7/14/2021,437.399994,437.920013,434.910004,436.23999,417.375488,64130400
7/15/2021,434.809998,435.529999,432.720001,434.75,415.949982,55126400
7/16/2021,436.01001,436.059998,430.920013,431.339996,412.687408,75874700
7/19/2021,426.190002,431.410004,421.970001,424.970001,406.592926,147987000
7/20/2021,425.679993,432.420013,424.829987,431.059998,412.419525,99608200
7/21/2021,432.339996,434.700012,431.01001,434.549988,415.758575,64724400
7/22/2021,434.73999,435.720001,433.690002,435.459991,416.629211,47878500
7/23/2021,437.519989,440.299988,436.790009,439.940002,420.915497,63766600
7/26/2021,439.309998,441.029999,439.26001,441.019989,421.948822,43719200
7/27/2021,439.910004,439.940002,435.98999,439.01001,420.025696,67397100
7/28/2021,439.679993,440.299988,437.309998,438.829987,419.853516,52472400
7/29/2021,439.820007,441.799988,439.809998,440.649994,421.594788,47435300
7/30/2021,437.910004,440.059998,437.769989,438.51001,419.547363,68951200
8/2/2021,440.339996,440.929993,437.209991,437.589996,418.667175,58783300
8/3/2021,438.440002,441.279999,436.100006,441.149994,422.073212,58053900
8/4/2021,439.779999,441.119995,438.730011,438.980011,419.99704,46732200
8/5/2021,440.220001,441.850006,439.880005,441.76001,422.65686,38969700
8/6/2021,442.100006,442.940002,441.799988,442.48999,423.355194,46930000
8/9/2021,442.459991,442.799988,441.309998,442.130005,423.010834,41222600
8/10/2021,442.609985,443.440002,441.880005,442.679993,423.537079,43339300
8/11/2021,443.820007,443.880005,442.619995,443.779999,424.589478,44034300
8/12/2021,443.619995,445.26001,442.660004,445.109985,425.861969,38909400
8/13/2021,445.589996,445.940002,445.070007,445.920013,426.636963,39470300
8/16/2021,444.529999,447.109985,442.869995,446.970001,427.641541,73740000
8/17/2021,444.23999,444.959991,440.850006,444.040009,424.838226,92673900
8/18/2021,442.959991,444.630005,438.920013,439.179993,420.188385,89351900
8/19/2021,436.269989,441.140015,436.119995,439.859985,420.838928,92812200
8/20/2021,440.230011,443.709991,439.709991,443.359985,424.187622,72008700
8/23/2021,445.160004,448.230011,443.440002,447.26001,427.919037,54973000
8/24/2021,447.970001,448.540009,447.420013,447.970001,428.598297,38744700
8/25/2021,448.170013,449.459991,447.769989,448.910004,429.49762,40529700
8/26/2021,448.609985,448.859985,446.160004,446.26001,426.96228,57829600
8/27/2021,447.119995,450.649994,447.059998,450.25,430.779694,77235100
8/30/2021,450.970001,453.070007,450.709991,452.230011,432.674072,48357400
8/31/2021,452.130005,452.48999,450.920013,451.559998,432.033051,59300200
9/1/2021,452.559998,453.109985,451.549988,451.799988,432.262634,48721400
9/2/2021,453.320007,454.049988,451.910004,453.190002,433.592529,42501000
9/3/2021,451.980011,453.630005,451.549988,453.079987,433.487274,47170500
9/7/2021,452.709991,452.809998,450.73999,451.459991,431.937378,51671500
9/8/2021,450.890015,451.670013,448.859985,450.910004,431.411133,56181900
9/9/2021,450.700012,452.570007,448.720001,448.980011,429.564606,57970400
9/10/2021,451.040009,451.48999,445.309998,445.440002,426.177704,89948200
9/13/2021,448.640015,448.920013,444.109985,446.579987,427.268341,83738600
9/14/2021,448.119995,448.339996,443.220001,444.170013,424.962616,78197100
9/15/2021,444.619995,448.410004,443.440002,447.880005,428.512207,78792200
9/16/2021,447.320007,448.359985,444.019989,447.170013,427.832916,77786700
9/17/2021,444.920013,445.369995,441.019989,441.399994,423.665344,118425000
9/20/2021,434.880005,436.559998,428.859985,434.040009,416.601105,166445500
9/21/2021,436.529999,437.910004,433.070007,433.630005,416.20752,92526100
9/22/2021,436.049988,440.029999,433.75,437.859985,420.267578,102350100
9/23/2021,439.850006,444.890015,439.600006,443.179993,425.37381,76396000
9/24/2021,441.440002,444.670013,441.209991,443.910004,426.074524,62094800
9/27/2021,442.809998,444.049988,441.899994,442.640015,424.85556,61371100
9/28/2021,439.690002,440.040009,432.940002,433.720001,416.293915,130436300
9/29/2021,435.190002,437.040009,433.850006,434.450012,416.994598,82329200
9/30/2021,436.019989,436.769989,428.779999,429.140015,411.897919,140506000
10/1/2021,430.980011,436.029999,427.230011,434.23999,416.79303,129240100
10/4/2021,433,433.959991,426.359985,428.640015,411.41803,128570000
10/5/2021,430.23999,435.48999,429.390015,433.100006,415.698792,90682500
10/6/2021,429.269989,435.119995,427.540009,434.899994,417.426483,113032200
10/7/2021,438.390015,441.679993,438.200012,438.660004,421.035431,72437500
10/8/2021,439.480011,439.890015,437.190002,437.859985,420.267578,74557400
10/11/2021,437.160004,440.26001,434.619995,434.690002,417.224915,65233300
10/12/2021,435.670013,436.100006,432.779999,433.619995,416.197906,71181200
10/13/2021,434.709991,436.049988,431.540009,435.179993,417.695251,72974000
10/14/2021,439.079987,442.660004,438.579987,442.5,424.721161,70236800
10/15/2021,444.75,446.26001,444.089996,445.869995,427.95575,66260200
10/18/2021,443.970001,447.549988,443.269989,447.190002,429.222717,62213200
10/19/2021,448.920013,450.709991,448.269989,450.640015,432.534088,46996800
10/20/2021,451.130005,452.730011,451.01001,452.410004,434.232971,49571600
10/21/2021,451.769989,453.829987,451.309998,453.589996,435.365601,41305400
10/22/2021,453.130005,454.670013,451.049988,453.119995,434.91449,58845100
10/25/2021,454.279999,455.899994,452.390015,455.549988,437.246826,45214500
10/26/2021,457.200012,458.48999,455.559998,455.959991,437.640289,56075100
10/27/2021,456.450012,457.160004,453.859985,453.940002,435.701538,72438000
10/28/2021,455.459991,458.399994,455.450012,458.320007,439.905548,51437900
10/29/2021,455.869995,459.559998,455.559998,459.25,440.798126,70162400
11/1/2021,460.299988,460.700012,458.200012,460.040009,441.556427,48433600
11/2/2021,460.220001,462.230011,460.079987,461.899994,443.341705,48908400
11/3/2021,461.299988,465.149994,460.829987,464.720001,446.04834,52509800
11/4/2021,465.359985,467,464.98999,466.910004,448.150421,52847100
11/5/2021,469.279999,470.649994,466.920013,468.529999,449.705261,66390600
11/8/2021,469.700012,470.230011,468.200012,468.929993,450.089233,50405200
11/9/2021,469.320007,469.570007,465.880005,467.380005,448.601501,51149100
11/10/2021,465.579987,467.380005,462.040009,463.619995,444.992615,69429700
11/11/2021,465.209991,465.290009,463.75,463.769989,445.136536,34848500
11/12/2021,465.119995,467.859985,464.109985,467.269989,448.49588,53466700
11/15/2021,468.640015,468.809998,466.230011,467.429993,448.649475,46980500
11/16/2021,467.149994,470.48999,467.070007,469.279999,450.425171,48857500
11/17/2021,469,469.190002,467.480011,468.140015,449.330994,47858300
11/18/2021,469.23999,470.01001,466.339996,469.730011,450.857086,50625600
11/19/2021,469.609985,470.940002,468.5,468.890015,450.050842,57315600
11/22/2021,470.890015,473.540009,467.350006,467.570007,448.783875,72762000
11/23/2021,467.220001,469.100006,464.450012,468.190002,449.378937,73206500
11/24/2021,466.059998,469.570007,465.190002,469.440002,450.578735,61858800
11/26/2021,462.339996,463.899994,457.769989,458.970001,440.529419,112669600
11/29/2021,464.070007,466.559998,461.730011,464.600006,445.933197,86268800
11/30/2021,462,464.029999,455.299988,455.559998,437.256439,148559600
12/1/2021,461.640015,464.670013,450.290009,450.5,432.399719,131939200
12/2/2021,450.730011,459.070007,450.309998,457.399994,439.022522,127637800
12/3/2021,459.170013,460.299988,448.920013,453.420013,435.202423,137331600
12/6/2021,456.130005,460.790009,453.559998,458.790009,440.356628,98977500
12/7/2021,464.410004,468.880005,458.649994,468.279999,449.465332,95484700
12/8/2021,468.700012,470,466.829987,469.519989,450.655518,72238800
12/9/2021,468.149994,469.630005,466.140015,466.350006,447.612885,61272600
12/10/2021,469.230011,470.899994,466.51001,470.73999,451.826477,77159800
12/13/2021,470.190002,470.559998,466.269989,466.570007,447.824066,87724700
12/14/2021,463.089996,465.73999,460.25,463.359985,444.742981,97264100
12/15/2021,463.420013,470.859985,460.73999,470.600006,451.692108,116899300
12/16/2021,472.570007,472.869995,464.799988,466.450012,447.708893,116568600
12/17/2021,461.549988,464.73999,458.059998,459.869995,442.944,135511600
12/20/2021,454.480011,455.399994,451.140015,454.980011,438.233917,107134800
12/21/2021,458.609985,463.209991,456.309998,463.059998,446.016571,69806300
12/22/2021,462.790009,467.809998,462.579987,467.690002,450.476135,58890200
12/23/2021,468.75,472.190002,468.640015,470.600006,453.279022,56439700
12/27/2021,472.059998,477.309998,472.01001,477.26001,459.693909,56808600
12/28/2021,477.720001,478.809998,476.059998,476.869995,459.318237,47274600
12/29/2021,476.980011,478.559998,475.920013,477.480011,459.905853,54503000
12/30/2021,477.929993,479,475.670013,476.160004,458.634369,55329000
12/31/2021,475.640015,476.859985,474.670013,474.959991,457.478546,65237400
1/3/2022,476.299988,477.850006,473.850006,477.709991,460.127289,72668200
1/4/2022,479.220001,479.980011,475.579987,477.549988,459.973206,71178700
1/5/2022,477.160004,477.980011,468.279999,468.380005,451.140778,104538900
1/6/2022,467.890015,470.820007,465.429993,467.940002,450.716919,86858900
1/7/2022,467.950012,469.200012,464.649994,466.089996,448.935028,85111600
1/10/2022,462.700012,465.73999,456.600006,465.51001,448.376373,119362000
1/11/2022,465.230011,469.850006,462.049988,469.75,452.460327,74303100
1/12/2022,471.589996,473.200012,468.940002,471.019989,453.683563,67605400
1/13/2022,472.190002,472.880005,463.440002,464.529999,447.432404,91173100
1/14/2022,461.190002,465.089996,459.899994,464.720001,447.615448,95890900
1/18/2022,459.73999,459.959991,455.309998,456.48999,439.688354,109709100
1/19/2022,458.130005,459.609985,451.459991,451.75,435.122864,109357600
1/20/2022,453.75,458.73999,444.5,446.75,430.306824,122379700
1/21/2022,445.559998,448.059998,437.950012,437.980011,421.85965,202271200
1/24/2022,432.029999,440.380005,420.76001,439.839996,423.651215,251783900
1/25/2022,433.059998,439.720001,427.149994,434.470001,418.478821,167997300
1/26/2022,440.720001,444.040009,428.859985,433.380005,417.429016,186391100
1/27/2022,438.26001,441.589996,429.450012,431.23999,415.367706,149878300
1/28/2022,432.679993,442,427.820007,441.950012,425.683533,164457400
1/31/2022,441.23999,450.279999,439.809998,449.910004,433.350555,152251400
2/1/2022,450.679993,453.630005,446.940002,452.950012,436.278687,123155400
2/2/2022,455.5,458.119995,453.049988,457.350006,440.516724,117361000
2/3/2022,450.950012,452.970001,445.709991,446.600006,430.162354,118024400
2/4/2022,446.350006,452.779999,443.829987,448.700012,432.18512,118454400
2/7/2022,449.51001,450.98999,445.850006,447.26001,430.798126,84472900
2/8/2022,446.730011,451.920013,445.220001,450.940002,434.342621,81012000
2/9/2022,455.220001,457.880005,455.01001,457.540009,440.699707,92589900
2/10/2022,451.339996,457.709991,447.200012,449.320007,432.782288,140103700
2/11/2022,449.410004,451.609985,438.940002,440.459991,424.248322,153214600
2/14/2022,439.920013,441.600006,435.339996,439.019989,422.861359,123006300
2/15/2022,443.730011,446.279999,443.179993,446.100006,429.680786,88482700
2/16/2022,443.929993,448.059998,441.940002,446.600006,430.162354,84863600
2/17/2022,443.220001,446.570007,436.420013,437.059998,420.973511,102259100
2/18/2022,437.329987,438.660004,431.820007,434.230011,418.24765,132642900
2/22/2022,431.890015,435.5,425.859985,429.570007,413.759125,124391800
2/23/2022,432.660004,433.26001,421.350006,421.950012,406.419647,132578000
2/24/2022,411.019989,428.76001,410.640015,428.299988,412.535858,213942900
2/25/2022,429.609985,437.839996,427.859985,437.75,421.638153,121804500
2/28/2022,432.029999,438.200012,430.700012,436.630005,420.559326,145615000
3/1/2022,435.040009,437.170013,427.109985,429.980011,414.154144,137785900
3/2/2022,432.369995,439.720001,431.570007,437.890015,421.77298,117726500
3/3/2022,440.470001,441.109985,433.799988,435.709991,419.673157,105501700
3/4/2022,431.75,433.369995,427.880005,432.170013,416.263458,113978200
3/7/2022,431.549988,432.299988,419.359985,419.429993,403.992401,137896600
3/8/2022,419.619995,427.209991,415.119995,416.25,400.929474,164772700
3/9/2022,425.140015,429.51001,422.820007,427.410004,411.67865,116990800
3/10/2022,422.519989,426.429993,420.440002,425.480011,409.819733,93972700
3/11/2022,428.119995,428.769989,419.529999,420.070007,404.608826,95636300
3/14/2022,420.890015,424.549988,415.790009,417,401.651825,95729200
3/15/2022,419.769989,426.839996,418.420013,426.170013,410.484314,106219100
3/16/2022,429.890015,435.679993,424.799988,435.619995,419.586517,144954800
3/17/2022,433.589996,441.070007,433.190002,441.070007,424.835938,102676900
3/18/2022,438,444.859985,437.220001,444.519989,429.489105,106345500
3/21/2022,444.339996,446.459991,440.679993,444.390015,429.363434,88349800
3/22/2022,445.859985,450.579987,445.859985,449.589996,434.387604,74650400
3/23/2022,446.910004,448.48999,443.709991,443.799988,428.793396,79426100
3/24/2022,445.940002,450.5,444.76001,450.48999,435.257202,64736900
3/25/2022,451.160004,452.980011,448.429993,452.690002,437.382843,77101300
3/28/2022,452.059998,455.910004,450.059998,455.910004,440.493927,68529800
3/29/2022,460.019989,462.070007,457.179993,461.549988,445.943207,86581500
3/30/2022,460.339996,461.200012,456.470001,458.700012,443.189636,79666900
3/31/2022,457.890015,458.76001,451.160004,451.640015,436.368286,121699900
4/1/2022,453.309998,453.459991,449.140015,452.920013,437.605042,89048800
4/4/2022,453.130005,456.910004,452.26001,456.799988,441.35379,59601000
4/5/2022,455.220001,457.829987,449.820007,451.029999,435.778961,74214500
4/6/2022,446.890015,448.929993,443.470001,446.519989,431.421448,106898000
4/7/2022,445.589996,450.690002,443.529999,448.769989,433.595398,78097200
4/8/2022,447.970001,450.630005,445.940002,447.570007,432.435944,79272700
4/11/2022,444.109985,445,439.390015,439.920013,425.044617,89770500
4/12/2022,443.079987,445.75,436.649994,438.290009,423.469727,84363600
4/13/2022,438.029999,444.109985,437.839996,443.309998,428.319977,74070400
4/14/2022,443.549988,444.730011,437.679993,437.790009,422.986633,97869500
4/18/2022,436.809998,439.75,435.609985,437.970001,423.160583,66002500
4/19/2022,437.859985,445.799988,437.679993,445.040009,429.991486,77821000
4/20/2022,446.920013,447.570007,443.480011,444.709991,429.672607,65224400
4/21/2022,448.540009,450.01001,437.100006,438.059998,423.247498,85417300
4/22/2022,436.910004,438.079987,425.440002,426.040009,411.633942,132471800
4/25/2022,423.670013,428.690002,418.839996,428.51001,414.020447,119647700
4/26/2022,425.829987,426.040009,416.070007,416.100006,402.03009,103996300
4/27/2022,417.23999,422.920013,415.01001,417.269989,403.160492,122030000
4/28/2022,422.290009,429.640015,417.600006,427.809998,413.344147,105449100
4/29/2022,423.589996,425.869995,411.209991,412,398.068695,145491100
5/2/2022,412.070007,415.920013,405.019989,414.480011,400.464874,158312500
5/3/2022,415.01001,418.929993,413.359985,416.380005,402.300537,100028200
5/4/2022,417.079987,429.660004,413.709991,429.059998,414.551819,144247900
5/5/2022,424.549988,425,409.440002,413.809998,399.817474,172929100
5/6/2022,411.100006,414.799988,405.730011,411.339996,397.431,151770800
5/9/2022,405.100006,406.410004,396.5,398.170013,384.70636,155586100
5/10/2022,404.48999,406.079987,394.820007,399.089996,385.595215,132497200
5/11/2022,398.070007,404.040009,391.959991,392.75,379.469604,142361000
5/12/2022,389.369995,395.799988,385.149994,392.339996,379.073456,125090800
5/13/2022,396.709991,403.179993,395.609985,401.720001,388.136322,104174400
5/16/2022,399.980011,403.970001,397.600006,400.089996,386.561401,78622400
5/17/2022,406.529999,408.570007,402.579987,408.320007,394.513092,83029700
5/18/2022,403.5,403.799988,390.549988,391.859985,378.60968,117674500
5/19/2022,388.619995,394.140015,387.109985,389.459991,376.290894,98510700
5/20/2022,393.25,397.029999,380.540009,389.630005,376.455078,131432200
5/23/2022,392.829987,397.730011,390.380005,396.920013,383.498596,76414900
5/24/2022,392.559998,395.149994,386.959991,393.890015,380.571075,91448800
5/25/2022,392.309998,399.450012,391.890015,397.369995,383.93335,91472900
5/26/2022,398.670013,407.040009,398.450012,405.309998,391.604919,82168300
5/27/2022,407.910004,415.380005,407.700012,415.26001,401.218475,84768700
5/31/2022,413.549988,416.459991,410.029999,412.929993,398.967224,95937000
6/1/2022,415.170013,416.23999,406.929993,409.589996,395.740173,86585800
6/2/2022,409.420013,417.440002,407.040009,417.390015,403.276459,79609600
6/3/2022,412.399994,414.040009,409.51001,410.540009,396.658081,71874300
6/6/2022,414.779999,416.609985,410.549988,411.790009,397.865814,57508900
6/7/2022,408.100006,416.220001,407.609985,415.73999,401.682251,59272400
6/8/2022,413.929993,415.820007,410.380005,411.220001,397.315094,64350000
6/9/2022,409.339996,411.73999,401.440002,401.440002,387.865753,86289800
6/10/2022,394.880005,395.779999,389.75,389.799988,376.619354,132893900
6/13/2022,379.850006,381.809998,373.299988,375,362.319794,170004900
6/14/2022,376.850006,377.940002,370.589996,373.869995,361.228027,104011800
6/15/2022,377.359985,383.899994,372.119995,379.200012,366.377808,125666800
6/16/2022,370.51001,370.940002,364.079987,366.649994,354.252106,134473300
6/17/2022,365.51001,369.380005,362.170013,365.859985,355.015808,111113900
6/21/2022,371.890015,376.529999,371.809998,375.070007,363.952881,76811900
6/22/2022,370.619995,378.720001,370.179993,374.390015,363.29306,90059400
6/23/2022,376.640015,378.829987,372.890015,378.059998,366.854187,79292100
6/24/2022,381.399994,390.089996,381.369995,390.079987,378.517944,98050300
6/27/2022,391.049988,391.359985,387.440002,388.589996,377.072144,66009600
6/28/2022,390.230011,393.160004,380.529999,380.649994,369.367432,86548900
6/29/2022,381.230011,382.269989,378.420013,380.339996,369.066681,65676000
6/30/2022,376.23999,380.660004,372.559998,377.25,366.068237,112508300
7/1/2022,376.559998,381.700012,373.799988,381.23999,369.939972,74839700
7/5/2022,375.880005,381.980011,372.899994,381.959991,370.638641,81438000
7/6/2022,382.109985,385.869995,379.600006,383.25,371.890411,70426200
7/7/2022,385.119995,389.829987,383.269989,388.98999,377.460236,64525900
7/8/2022,387.269989,390.640015,385.660004,388.670013,377.149719,72397800
7/11/2022,385.850006,386.869995,383.5,384.230011,372.84137,58366900
7/12/2022,383.649994,386.160004,378.98999,380.829987,369.542114,62219200
7/13/2022,375.100006,381.920013,374.660004,378.829987,367.601349,84224600
7/14/2022,373.609985,379.049988,371.040009,377.910004,366.708679,89704800
7/15/2022,382.549988,385.25,380.540009,385.130005,373.714661,79060400
7/18/2022,388.380005,389.089996,380.660004,381.950012,370.628937,63203600
7/19/2022,386.079987,392.869995,385.390015,392.269989,380.642975,78506000
7/20/2022,392.470001,396.26001,391.029999,394.769989,383.068909,71843800
7/21/2022,394.160004,398.839996,391.630005,398.790009,386.969788,64903900
7/22/2022,398.920013,400.179993,392.75,395.089996,383.379456,72197300
7/25/2022,395.75,396.470001,393.209991,395.570007,383.845215,53631500
7/26/2022,393.839996,394.059998,389.950012,390.890015,379.303986,52946400
7/27/2022,394.359985,402.880005,394.049988,401.040009,389.153137,82342100
7/28/2022,401.890015,406.799988,398.149994,406.070007,394.033966,73966600
7/29/2022,407.579987,413.029999,406.769989,411.98999,399.778534,87003700
8/1/2022,409.149994,413.410004,408.399994,410.769989,398.594666,69997500
8/2/2022,409.119995,413,406.820007,408.059998,395.965027,63435400
8/3/2022,410.299988,415.679993,410,414.450012,402.165649,67820600
8/4/2022,414.369995,415.089996,412.440002,414.170013,401.893921,45656600
8/5/2022,409.660004,414.149994,409.600006,413.470001,401.214661,56814900
8/8/2022,415.25,417.619995,411.829987,412.98999,400.748871,53886100
8/9/2022,412.220001,412.75,410.220001,411.350006,399.157501,44931800
8/10/2022,418.779999,420.140015,416.720001,419.98999,407.541443,68665700
8/11/2022,422.98999,424.950012,419.209991,419.98999,407.541443,59489700
8/12/2022,422.029999,427.209991,421.029999,427.100006,414.440704,61694500
8/15/2022,424.769989,429.410004,424.709991,428.859985,416.148468,54048300
8/16/2022,427.730011,431.730011,426.880005,429.700012,416.963562,59289000
8/17/2022,425.910004,429.5,424.540009,426.649994,414.003967,63563400
8/18/2022,426.859985,428.609985,425.5,427.890015,415.207275,49023200
8/19/2022,424.980011,425.26001,421.220001,422.140015,409.627686,68016900
8/22/2022,417.049988,417.230011,412.399994,413.350006,401.098236,77695600
8/23/2022,412.899994,415.420013,411.769989,412.350006,400.127838,49105200
8/24/2022,412.109985,415.109985,411.390015,413.670013,401.408752,49177800
8/25/2022,415.23999,419.559998,414.089996,419.51001,407.075653,50942300
8/26/2022,419.390015,419.959991,405.25,405.309998,393.296539,103087000
8/29/2022,402.200012,405.839996,401.200012,402.630005,390.696014,65370800
8/30/2022,403.850006,404.100006,396,398.209991,386.406921,85652400
8/31/2022,399.929993,401.23999,395.040009,395.179993,383.466736,76029700
9/1/2022,392.890015,396.779999,390.040009,396.420013,384.670074,78740100
9/2/2022,400.279999,401.559998,390.329987,392.23999,380.613922,99632100
9/6/2022,393.130005,394.119995,388.420013,390.76001,379.177795,76637400
9/7/2022,390.429993,398.589996,390.200012,397.779999,385.989716,70964200
9/8/2022,395.390015,400.859985,394.119995,400.380005,388.512634,80821700
9/9/2022,402.73999,407.51001,402.459991,406.600006,394.54834,76706900
9/12/2022,408.779999,411.730011,408.459991,410.970001,398.788757,69256300
9/13/2022,401.829987,403.100006,391.920013,393.100006,381.448456,122947100
9/14/2022,394.470001,396.200012,391.119995,394.600006,382.903992,85023700
9/15/2022,392.959991,395.959991,388.779999,390.119995,378.556763,87633800
9/16/2022,384.140015,386.25,382.109985,385.559998,375.668823,103084800
9/19/2022,382.26001,388.549988,382.179993,388.549988,378.582062,73278500
9/20/2022,385.059998,386.119995,381.200012,384.089996,374.236481,77274900
9/21/2022,386.109985,389.309998,377.380005,377.390015,367.708405,106746600
9/22/2022,376.579987,378.299988,373.440002,374.220001,364.61972,89472600
9/23/2022,370.579987,370.619995,363.290009,367.950012,358.51062,122346900
9/26/2022,366.410004,370.209991,363.029999,364.309998,354.963928,92581200
9/27/2022,368.019989,370.399994,360.869995,363.380005,354.057831,108294100
9/28/2022,364.380005,372.299988,362.600006,370.529999,361.024384,110802200
9/29/2022,366.809998,367.109985,359.700012,362.790009,353.482941,112952300
9/30/2022,361.799988,365.910004,357.040009,357.179993,348.016876,153711200
10/3/2022,361.079987,368.549988,359.209991,366.609985,357.204895,89756500
10/4/2022,372.399994,378,366.570007,377.970001,368.273529,103602800
10/5/2022,373.390015,379.459991,370.950012,377.089996,367.416077,88065700
10/6/2022,375.619995,378.720001,372.679993,373.200012,363.625916,82333500
10/7/2022,368.970001,373.290009,360.940002,362.790009,353.482941,107789500
10/10/2022,363.959991,364.209991,357.670013,360.019989,350.783966,76042800
10/11/2022,358.23999,363.029999,355.709991,357.73999,348.562469,92482800
10/12/2022,358.170013,359.820007,356.299988,356.559998,347.41272,76991800
10/13/2022,349.209991,367.51001,348.109985,365.970001,356.58136,147254500
10/14/2022,368.549988,370.26001,356.959991,357.630005,348.455353,123737000
10/17/2022,364.01001,367.980011,357.279999,366.820007,357.409515,93168200
10/18/2022,375.130005,375.450012,367.519989,371.130005,361.608978,97162900
10/19/2022,368.98999,371.850006,365.549988,368.5,359.046448,79746900
10/20/2022,368.029999,372.670013,364.609985,365.410004,356.035736,88283100
10/21/2022,365.119995,374.799988,363.540009,374.290009,364.687927,131038400
10/24/2022,375.890015,380.059998,373.109985,378.869995,369.150421,85436900
10/25/2022,378.790009,385.25,378.670013,384.920013,375.045227,78846300
10/26/2022,381.619995,387.579987,381.350006,382.019989,372.219574,104087300
10/27/2022,383.070007,385,379.329987,379.980011,370.231964,81971800
10/28/2022,379.869995,389.519989,379.679993,389.019989,379.039978,100302000
10/31/2022,386.440002,388.399994,385.26001,386.209991,376.302094,96631300
11/1/2022,390.140015,390.390015,383.290009,384.519989,374.655457,85407600
11/2/2022,383.899994,388.630005,374.76001,374.869995,365.253021,126990400
11/3/2022,371.470001,374.200012,368.790009,371.01001,361.492065,87100100
11/4/2022,377,378.869995,370,376.350006,366.695099,103505200
11/7/2022,377.709991,380.570007,375.529999,379.950012,370.202759,68286900
11/8/2022,381.109985,385.119995,377.720001,382,372.200104,84641100
11/9/2022,379.929993,381.140015,373.609985,374.130005,364.532013,78495500
11/10/2022,388.049988,395.040009,385.640015,394.690002,384.564575,141455800
11/11/2022,395.589996,399.350006,393.609985,398.51001,388.286621,93839900
11/14/2022,396.660004,400.179993,394.829987,395.119995,384.983551,71903500
11/15/2022,401.149994,402.309998,394.48999,398.48999,388.26709,93194500
11/16/2022,396.779999,397.779999,394.790009,395.450012,385.305084,68508500
11/17/2022,390.459991,394.950012,390.140015,394.23999,384.126068,74496300
11/18/2022,397.73999,397.809998,393.040009,396.029999,385.870178,92922500
11/21/2022,394.640015,395.820007,392.660004,394.589996,384.467133,51243200
11/22/2022,396.630005,400.070007,395.149994,399.899994,389.6409,60429000
11/23/2022,399.549988,402.929993,399.309998,402.420013,392.096313,68261600
11/25/2022,401.829987,402.910004,401.540009,402.329987,392.008545,30545400
11/28/2022,399.089996,400.809998,395.109985,395.910004,385.753296,67881600
11/29/2022,396.049988,397.299988,393.299988,395.230011,385.090729,52310000
11/30/2022,395.48999,407.679993,393.480011,407.679993,397.221375,144566700
12/1/2022,408.769989,410,404.75,407.380005,396.929047,76398200
12/2/2022,402.25,407.859985,402.140015,406.910004,396.471069,85342700
12/5/2022,403.950012,404.929993,398.170013,399.589996,389.338867,77289800
12/6/2022,399.420013,399.98999,391.640015,393.829987,383.726593,77972200
12/7/2022,392.940002,395.640015,391.970001,393.160004,383.073822,65927900
12/8/2022,395.140015,397.359985,393.269989,396.23999,386.074768,60737900
12/9/2022,394.940002,397.619995,393.149994,393.279999,383.190735,81447700
12/12/2022,394.109985,398.950012,393.410004,398.950012,388.715302,75405800
12/13/2022,410.220001,410.48999,399.070007,401.970001,391.657837,123782500
12/14/2022,401.609985,405.5,396.309998,399.399994,389.153717,108111300
12/15/2022,394.299988,395.25,387.890015,389.630005,379.634338,117705900
12/16/2022,385.179993,386.579987,381.040009,383.269989,375.152374,119858000
12/19/2022,383.470001,383.820007,378.279999,380.019989,371.971161,79878100
12/20/2022,379.230011,382.230011,377.850006,380.540009,372.480225,74427200
12/21/2022,383.25,387.410004,382.690002,386.230011,378.049683,78167400
12/22/2022,383.049988,386.209991,374.769989,380.720001,372.656311,100120900
12/23/2022,379.649994,383.059998,378.029999,382.910004,374.799988,59857300
12/27/2022,382.790009,383.149994,379.649994,381.399994,373.32196,51638200
12/28/2022,381.329987,383.390015,376.420013,376.660004,368.682343,70911500
12/29/2022,379.630005,384.350006,379.079987,383.440002,375.318756,66970900
12/30/2022,380.640015,382.579987,378.429993,382.429993,374.330139,84022200
1/3/2023,384.369995,386.429993,377.829987,380.820007,372.754242,74850700
1/4/2023,383.179993,385.880005,380,383.76001,375.632019,85934100
1/5/2023,381.720001,381.839996,378.76001,379.380005,371.344727,76970500
1/6/2023,382.609985,389.25,379.410004,388.079987,379.860474,104189600
1/9/2023,390.369995,393.700012,387.670013,387.859985,379.645203,73978100
1/10/2023,387.25,390.649994,386.269989,390.579987,382.307526,65358100
1/11/2023,392.230011,395.600006,391.380005,395.519989,387.142914,68881100
1/12/2023,396.670013,398.48999,392.420013,396.959991,388.552429,90157700
1/13/2023,393.619995,399.100006,393.339996,398.5,390.059814,63903900
1/17/2023,398.480011,400.230011,397.059998,397.769989,389.345276,62677300
1/18/2023,399.01001,400.119995,391.279999,391.48999,383.198273,99632300
1/19/2023,389.359985,391.079987,387.26001,388.640015,380.408661,86958900
1/20/2023,390.100006,396.040009,388.380005,395.880005,387.495331,91806400
1/23/2023,396.720001,402.649994,395.720001,400.630005,392.144653,84178800
1/24/2023,398.880005,401.149994,397.640015,400.200012,391.723816,59524900
1/25/2023,395.950012,400.700012,393.559998,400.350006,391.870605,84800300
1/26/2023,403.130005,404.920013,400.029999,404.75,396.177399,72287400
1/27/2023,403.660004,408.160004,403.440002,405.679993,397.087677,68346200
1/30/2023,402.799988,405.130005,400.279999,400.589996,392.10553,74202000
1/31/2023,401.130005,406.529999,400.769989,406.480011,397.870819,86811800
2/1/2023,405.209991,413.670013,402.350006,410.799988,402.099243,101459200
2/2/2023,414.859985,418.309998,412.880005,416.779999,407.952606,101654500
2/3/2023,411.589996,416.970001,411.089996,412.350006,403.616455,94736800
2/6/2023,409.790009,411.290009,408.100006,409.829987,401.149841,60295300
2/7/2023,408.869995,416.48999,407.570007,415.190002,406.396271,90990700
2/8/2023,413.130005,414.529999,409.929993,410.649994,401.952454,76227500
2/9/2023,414.410004,414.570007,405.809998,407.089996,398.467865,78694900
2/10/2023,405.859985,408.440002,405.01001,408.040009,399.397705,70769700
2/13/2023,408.720001,412.970001,408.23999,412.829987,404.086273,64913500
2/14/2023,411.23999,415.049988,408.51001,412.640015,403.900299,88389300
2/15/2023,410.350006,414.059998,409.470001,413.980011,405.211945,61555700
2/16/2023,408.790009,412.910004,408.140015,408.279999,399.63269,76431500
2/17/2023,406.059998,407.51001,404.049988,407.26001,398.634277,89257800
2/21/2023,403.059998,404.160004,398.820007,399.089996,390.637329,82655900
2/22/2023,399.519989,401.130005,397.019989,398.540009,390.098938,83742300
2/23/2023,401.559998,402.200012,396.25,400.660004,392.174072,96242400
2/24/2023,395.420013,397.25,393.640015,396.380005,387.98468,108194400
2/27/2023,399.869995,401.290009,396.75,397.730011,389.306091,80444700
2/28/2023,397.230011,399.279999,396.149994,396.26001,387.867249,96438600
3/1/2023,395.410004,396.690002,393.380005,394.73999,386.379425,99706800
3/2/2023,392.679993,398.690002,392.329987,397.809998,389.38443,85127800
3/3/2023,399.709991,404.450012,399.029999,404.190002,395.629272,90120000
3/6/2023,405.049988,407.450012,404.01001,404.470001,395.903351,72795900
3/7/2023,404.420013,404.670013,397.630005,398.269989,389.834625,108310600
3/8/2023,398.390015,399.709991,396.589996,398.920013,390.470917,74746600
3/9/2023,399.73999,401.480011,390.529999,391.559998,383.266785,111945300
3/10/2023,390.98999,393.160004,384.320007,385.910004,377.73645,189253000
3/13/2023,381.809998,390.390015,380.649994,385.359985,377.19809,157790000
3/14/2023,390.5,393.450012,387.049988,391.730011,383.433167,149752400
3/15/2023,385.890015,389.48999,383.709991,389.279999,381.035065,172996900
3/16/2023,386.820007,396.470001,386.290009,396.109985,387.720367,143254200
3/17/2023,393.220001,394.399994,388.549988,389.98999,383.18692,140553400
3/20/2023,390.799988,394.170013,390.070007,393.73999,386.87149,93055800
3/21/2023,397.23999,399.410004,395.579987,398.910004,391.951324,91524200
3/22/2023,398.730011,402.48999,392.070007,392.109985,385.269928,111746600
3/23/2023,395.089996,399.290009,390.350006,393.170013,386.311462,119351300
3/24/2023,391.839996,395.839996,389.399994,395.75,388.846466,107682400
3/27/2023,398.119995,398.920013,395.559998,396.48999,389.573517,74010400
3/28/2023,395.769989,396.48999,393.690002,395.600006,388.699036,62871700
3/29/2023,399.929993,401.600006,398.679993,401.350006,394.348785,77497900
3/30/2023,404.089996,404.350006,401.76001,403.700012,396.657776,69840000
3/31/2023,404.660004,409.700012,404.549988,409.390015,402.248505,112062600
4/3/2023,408.850006,411.369995,408.440002,410.950012,403.781281,67391100
4/4/2023,411.619995,411.920013,407.23999,408.670013,401.541077,66601500
4/5/2023,407.910004,408.700012,405.880005,407.600006,400.489716,65200200
4/6/2023,406.769989,409.480011,405.679993,409.190002,402.051971,63743300
4/10/2023,406.609985,409.690002,405.970001,409.609985,402.46463,63681000
4/11/2023,410.26001,411.179993,408.920013,409.720001,402.572754,59297900
4/12/2023,411.869995,412.170013,407.440002,408.049988,400.931854,86420400
4/13/2023,409.179993,413.839996,407.98999,413.470001,406.257294,85814800
4/14/2023,412.809998,415.089996,410.059998,412.459991,405.264923,78161500
4/17/2023,412.369995,413.959991,411.089996,413.940002,406.719147,66436400
4/18/2023,415.579987,415.720001,412.779999,414.209991,406.984375,63560000
4/19/2023,412.220001,415.079987,412.160004,414.140015,406.915619,55227300
4/20/2023,411.209991,413.700012,410.269989,411.880005,404.695068,75840400
4/21/2023,412.190002,412.679993,410.170013,412.200012,405.00946,73457400
4/24/2023,411.98999,413.070007,410.600006,412.630005,405.432007,64332100
4/25/2023,410.579987,411.160004,406.019989,406.079987,398.996216,97766700
4/26/2023,406.720001,407.839996,403.779999,404.359985,397.306244,80447000
4/27/2023,407,412.690002,406.73999,412.410004,405.21582,92968400
4/28/2023,411.48999,415.940002,411.429993,415.929993,408.674438,89335600
5/1/2023,415.470001,417.619995,415.269989,415.51001,408.261719,62122300
5/2/2023,414.769989,414.820007,407.820007,410.839996,403.673187,103998500
5/3/2023,411.359985,413.869995,407.769989,408.019989,400.902405,91531800
5/4/2023,406.929993,407.269989,403.73999,405.130005,398.062836,94901900
5/5/2023,408.910004,413.720001,408.640015,412.630005,405.432007,87844000
5/8/2023,412.970001,413.23999,411.279999,412.73999,405.540039,50046800
5/9/2023,411.130005,412.089996,410.690002,410.929993,403.761627,49220100
5/10/2023,413.880005,414.540009,408.869995,412.850006,405.648132,96142900
5/11/2023,411.950012,412.429993,409.970001,412.130005,404.940735,70157100
5/12/2023,413.420013,413.640015,409.070007,411.589996,404.410126,70439400
5/15/2023,412.220001,413.429993,410.230011,413.01001,405.805359,54289400
5/16/2023,411.859985,412.820007,410.23999,410.25,403.093506,57705500
5/17/2023,412.350006,415.859985,410.640015,415.230011,407.986664,87287000
5/18/2023,414.899994,419.670013,414.670013,419.230011,411.91687,97177200
5/19/2023,420.170013,420.720001,417.350006,418.619995,411.317505,103679700
5/22/2023,418.640015,420.390015,417.350006,418.790009,411.484528,60745400
5/23/2023,417.079987,418.720001,413.679993,414.089996,406.866486,86383500
5/24/2023,412.420013,412.820007,409.880005,411.089996,403.918823,89213700
5/25/2023,414.73999,416.160004,412.410004,414.649994,407.416718,90961600
5/26/2023,415.329987,420.769989,415.25,420.019989,412.693085,93830000
5/30/2023,422.029999,422.579987,418.73999,420.179993,412.85025,72216000
5/31/2023,418.279999,419.220001,416.220001,417.850006,410.560913,110811800
6/1/2023,418.089996,422.920013,416.790009,421.820007,414.46167,88865000
6/2/2023,424.5,428.73999,423.950012,427.920013,420.455261,91366700
6/5/2023,428.279999,429.619995,426.369995,427.100006,419.649567,65460200
6/6/2023,426.670013,428.579987,425.98999,428.029999,420.563354,64022200
6/7/2023,428.440002,429.619995,426.109985,426.549988,419.109131,85373300
6/8/2023,426.619995,429.600006,425.820007,429.130005,421.644165,61952800
6/9/2023,429.959991,431.98999,428.869995,429.899994,422.400726,85742800
6/12/2023,430.920013,433.880005,430.170013,433.799988,426.232697,76104300
6/13/2023,435.320007,437.329987,434.630005,436.660004,429.042786,95899700
6/14/2023,437.01001,439.059998,433.589996,437.179993,429.553741,100612100
6/15/2023,436.329987,443.899994,436.230011,442.600006,434.879211,110303100
6/16/2023,443.019989,443.609985,438.970001,439.459991,433.397888,114121300
6/20/2023,437.450012,438.369995,435.029999,437.179993,431.149353,76160400
6/21/2023,436.160004,436.98999,434.329987,434.940002,428.940216,76982300
6/22/2023,433.950012,436.619995,433.600006,436.51001,430.488586,70637200
6/23/2023,432.929993,435.059998,432.470001,433.209991,427.2341,92074500
6/26/2023,432.619995,434.609985,431.190002,431.440002,425.488525,72823600
6/27/2023,432.350006,436.809998,431.880005,436.170013,430.15329,72813700
6/28/2023,435.049988,437.440002,434.410004,436.390015,430.370239,75636000
6/29/2023,435.959991,438.279999,435.540009,438.109985,432.066528,67882300
6/30/2023,441.440002,444.299988,441.109985,443.279999,437.165192,104921500
7/3/2023,442.920013,444.079987,442.630005,443.790009,437.668182,32793400
7/5/2023,441.910004,443.890015,441.899994,443.130005,437.017273,58418400
7/6/2023,439.420013,440.100006,437.059998,439.660004,433.595123,80658300
7/7/2023,438.630005,442.640015,438.299988,438.549988,432.500427,86076100
7/10/2023,438.179993,439.839996,437.589996,439.660004,433.595123,62443500
7/11/2023,440.450012,442.970001,439.440002,442.459991,436.356476,64463800
7/12/2023,446.390015,447.480011,444.910004,446.019989,439.867401,91924500
7/13/2023,447.899994,450.380005,447.450012,449.559998,443.358551,72425200
7/14/2023,450.480011,451.359985,448.48999,449.279999,443.082397,69761800
7/17/2023,449.130005,451.929993,449.079987,450.839996,444.620911,52680200
7/18/2023,450.5,454.859985,450.049988,454.190002,447.924683,80744400
7/19/2023,455.01001,456.429993,454.109985,455.200012,448.920746,65891700
7/20/2023,454.170013,455.100006,451.440002,452.179993,445.942383,70591600
7/21/2023,453.959991,454.170013,452.170013,452.179993,445.942383,71245400
7/24/2023,453.369995,455.040009,452.299988,454.200012,447.93454,54023400
7/25/2023,453.920013,456.73999,453.869995,455.440002,449.157471,55191200
7/26/2023,454.470001,456.98999,453.380005,455.51001,449.226532,71052900
7/27/2023,459.019989,459.440002,451.549988,452.48999,446.248169,92194400
7/28/2023,455.880005,457.779999,452.48999,456.920013,450.617035,80011800
7/31/2023,457.410004,458.160004,456.049988,457.790009,451.475037,62040400
8/1/2023,456.269989,457.25,455.48999,456.480011,450.183136,55291500
8/2/2023,453.25,453.519989,449.350006,450.130005,443.920746,93933400
8/3/2023,448.040009,450.790009,447.369995,448.839996,442.648468,64276100
8/4/2023,450.720001,452.899994,446.269989,446.809998,440.646515,100052300
8/7/2023,448.709991,450.869995,447.98999,450.709991,444.492676,58357500
8/8/2023,448.079987,450.700012,445.269989,448.75,442.559753,71361300
8/9/2023,449.029999,449.200012,444.959991,445.75,439.601105,78789600
8/10/2023,448.190002,451.700012,444.700012,445.910004,439.758911,93005500
8/11/2023,443.970001,446.700012,443.350006,445.649994,439.502502,68664600
8/14/2023,444.700012,448.109985,444.380005,448.109985,441.928558,47867400
8/15/2023,446.269989,446.640015,442.299988,442.890015,436.780579,75707500
8/16/2023,442.459991,444.179993,439.529999,439.640015,433.575409,80107200
8/17/2023,441.160004,441.429993,435.75,436.290009,430.271637,95711300
8/18/2023,433.369995,437.570007,433.01001,436.5,430.478729,98758400
8/21/2023,437.549988,440.109985,435.320007,439.339996,433.279572,68719000
8/22/2023,441.179993,441.179993,437.570007,438.149994,432.105927,65062900
8/23/2023,439.25,443.670013,439.100006,443.029999,436.91864,68441000
8/24/2023,444.690002,445.220001,436.859985,436.890015,430.863342,88517300
8/25/2023,438.679993,441.299988,435,439.970001,433.900848,102325100
8/28/2023,442.23999,443.399994,439.970001,442.76001,436.652374,61595400
8/29/2023,442.649994,449.450012,442.459991,449.160004,442.964081,83081900
8/30/2023,449.51001,451.670013,448.779999,451.01001,444.788574,69053900
8/31/2023,451.649994,452.829987,450.160004,450.350006,444.137665,66084600
9/1/2023,453.170013,453.670013,449.679993,451.190002,444.966064,58875700
9/5/2023,450.730011,451.059998,449.170013,449.23999,443.042999,55166200
9/6/2023,448.399994,448.51001,443.809998,446.220001,440.064636,70758500
9/7/2023,443.109985,445.549988,442.75,444.850006,438.713531,70355400
9/8/2023,444.899994,447.109985,444.529999,445.519989,439.374268,61659700
9/11/2023,448.23999,448.769989,446.470001,448.450012,442.263916,60180100
9/12/2023,446.950012,448.529999,445.390015,445.98999,439.837799,67565400
9/13/2023,446.220001,447.709991,445.079987,446.51001,440.350647,60199300
9/14/2023,449.070007,451.079987,447.720001,450.359985,444.147491,83430800
9/15/2023,447.140015,447.480011,442.920013,443.369995,438.796326,111761400
9/18/2023,443.049988,444.970001,442.559998,443.630005,439.053589,55752200
9/19/2023,442.679993,443.290009,439.940002,442.709991,438.143127,66514600
9/20/2023,444.01001,444.440002,438.429993,438.640015,434.115112,82562600
9/21/2023,435.700012,435.970001,431.230011,431.390015,426.939911,103976100
9/22/2023,432.450012,434.100006,429.98999,430.420013,425.979889,100829700
9/25/2023,429.170013,432.269989,428.720001,432.230011,427.77121,70874500
9/26/2023,429.089996,429.820007,425.019989,425.880005,421.486725,96168400
9/27/2023,427.089996,427.670013,422.290009,426.049988,421.654968,104705800
9/28/2023,425.480011,430.25,424.869995,428.519989,424.099487,92258300
9/29/2023,431.670013,431.850006,425.910004,427.480011,423.070221,115078500
10/2/2023,426.619995,428.600006,424.459991,427.309998,422.901978,83798600
10/3/2023,425.059998,427.369995,420.179993,421.589996,417.240967,103760600
10/4/2023,422.070007,425.429993,420.559998,424.660004,420.279327,87453000
10/5/2023,424.359985,425.369995,421.170013,424.5,420.120972,70142700
10/6/2023,421.970001,431.130005,420.600006,429.540009,425.108948,113202700
10/9/2023,427.579987,432.880005,427.01001,432.290009,427.830597,80374400
10/10/2023,432.940002,437.220001,432.529999,434.540009,430.057373,78607300
10/11/2023,435.640015,436.579987,433.179993,436.320007,431.819031,62451700
10/12/2023,436.950012,437.339996,431.230011,433.660004,429.186462,81154200
10/13/2023,435.209991,436.450012,429.880005,431.5,427.048706,95143100
10/16/2023,433.820007,437.140015,433.570007,436.040009,431.541931,75433200
10/17/2023,432.809998,438.140015,432.450012,436.019989,431.522125,75324700
10/18/2023,434.190002,435.179993,429.089996,430.209991,425.772034,93559800
10/19/2023,430.950012,432.820007,425.730011,426.429993,422.031036,121323000
10/20/2023,425.980011,426.540009,421.079987,421.190002,416.845093,123845800
10/23/2023,419.609985,424.450012,417.799988,420.459991,416.12262,92035100
10/24/2023,422.649994,424.820007,420.73999,423.630005,419.259949,78564200
10/25/2023,421.890015,421.920013,417.019989,417.549988,413.242645,94223200
10/26/2023,416.450012,417.329987,411.600006,412.549988,408.29422,115156800
10/27/2023,414.190002,414.600006,409.209991,410.679993,406.443542,107367700
10/30/2023,413.559998,416.679993,412.220001,415.589996,411.302856,86562700
10/31/2023,416.179993,418.529999,414.209991,418.200012,413.885956,79665200
11/1/2023,419.200012,423.5,418.649994,422.660004,418.299957,98068100
11/2/2023,426.579987,430.920013,426.559998,430.76001,426.316406,94938900
11/3/2023,433.140015,436.290009,433.01001,434.690002,430.205872,100110800
11/6/2023,435.470001,436.149994,433.679993,435.690002,431.195526,67831700
11/7/2023,435.690002,437.589996,434.51001,436.929993,432.422699,64256100
11/8/2023,437.549988,438.089996,434.869995,437.25,432.739441,61746000
11/9/2023,438.429993,438.470001,433.399994,433.839996,429.364624,83174400
11/10/2023,435.980011,440.929993,433.829987,440.609985,436.064758,89462200
11/13/2023,439.230011,441.329987,438.420013,440.190002,435.649078,52236100
11/14/2023,446.320007,450.059998,446.089996,448.730011,444.101044,97176900
11/15/2023,450.109985,451.380005,448.799988,449.679993,445.041168,77327600
11/16/2023,449.220001,450.559998,448.119995,450.230011,445.585541,66665800
11/17/2023,450.23999,451.420013,449.290009,450.790009,446.139771,83133200
11/20/2023,450.529999,455.130005,450.519989,454.26001,449.573944,69936200
11/21/2023,453.179993,454.130005,451.959991,453.269989,448.594177,49244600
11/22/2023,454.980011,456.380005,453.890015,455.019989,450.326111,59394900
11/24/2023,455.070007,455.5,454.730011,455.299988,450.60321,29737400
11/27/2023,454.649994,455.48999,454.079987,454.480011,449.791687,50506000
11/28/2023,454.079987,456.269989,453.5,454.929993,450.23703,62115000
11/29/2023,457.149994,458.320007,454.200012,454.609985,449.920349,63146000
11/30/2023,455.480011,456.76001,453.339996,456.399994,451.691864,79752700
12/1/2023,455.769989,459.649994,455.160004,459.100006,454.364044,89097900
12/4/2023,455.600006,459.119995,454.339996,456.690002,451.978912,72430900
12/5/2023,455.26001,457.589996,454.869995,456.600006,451.889832,69793500
12/6/2023,458.809998,458.839996,454.309998,454.76001,450.068817,69124700
12/7/2023,456.910004,458.899994,456.290009,458.230011,453.503021,66995400
12/8/2023,457.459991,460.75,457.209991,460.200012,455.452698,83080900
12/11/2023,459.690002,462.170013,459.470001,461.98999,457.224213,65002200
12/12/2023,461.630005,464.200012,460.600006,464.100006,459.312469,68327600
12/13/2023,464.48999,470.76001,464.119995,470.5,465.646423,93278000
12/14/2023,472.5,473.730011,469.25,472.01001,467.140869,119026000
12/15/2023,469.48999,470.700012,467.429993,469.329987,466.371704,141319300
12/18/2023,470.980011,472.980011,469.890015,471.970001,468.995087,70375300
12/19/2023,472.529999,474.920013,472.450012,474.839996,471.847015,55761800
12/20/2023,473.959991,475.899994,467.820007,468.26001,465.308472,102921000
12/21/2023,471.329987,472.980011,468.839996,472.700012,469.72049,86667500
12/22/2023,473.859985,475.380005,471.700012,473.649994,470.66449,67126600
12/26/2023,474.070007,476.579987,473.98999,475.649994,472.651886,55387000
12/27/2023,475.440002,476.660004,474.890015,476.51001,473.50647,68000300
12/28/2023,476.880005,477.549988,476.26001,476.690002,473.685333,77158100
12/29/2023,476.48999,477.029999,473.299988,475.309998,472.314026,122234100
1/2/2024,472.160004,473.670013,470.48999,472.649994,469.670807,123623700
1/3/2024,470.429993,471.190002,468.170013,468.790009,465.835144,103585900
1/4/2024,468.299988,470.959991,467.049988,467.279999,464.334656,84232200
1/5/2024,467.48999,470.440002,466.429993,467.920013,464.970642,86060800
1/8/2024,468.429993,474.75,468.299988,474.600006,471.608521,74879100
1/9/2024,471.869995,474.929993,471.350006,473.880005,470.893036,65931400
1/10/2024,474.160004,477.450012,473.869995,476.559998,473.556152,67310600
1/11/2024,477.589996,478.119995,472.26001,476.350006,473.347473,77940700
1/12/2024,477.839996,478.600006,475.230011,476.679993,473.675385,57944000
1/16/2024,475.26001,476.609985,473.059998,474.929993,471.936401,85014900
1/17/2024,471.820007,472.790009,469.869995,472.290009,469.31308,68843900
1/18/2024,474.01001,477.059998,472.420013,476.48999,473.486572,91856200
1/19/2024,477.649994,482.720001,476.540009,482.429993,479.38913,110733300
1/22/2024,484.01001,485.220001,482.779999,483.450012,480.40274,75844900
1/23/2024,484.01001,485.109985,482.890015,484.859985,481.803833,49945300
1/24/2024,487.809998,488.769989,484.880005,485.390015,482.330505,81765000
1/25/2024,487.579987,488.309998,485.390015,488.029999,484.953857,72525000
1/26/2024,487.589996,489.119995,486.540009,487.410004,484.337769,76641600
1/29/2024,487.730011,491.420013,487.170013,491.269989,488.173431,61322800
1/30/2024,490.559998,491.619995,490.109985,490.890015,487.795868,58618400
1/31/2024,488.619995,489.079987,482.859985,482.880005,479.836334,126011100
2/1/2024,484.630005,489.230011,483.799988,489.200012,486.116486,91891600
2/2/2024,489.649994,496.049988,489.299988,494.350006,491.234009,99147700
2/5/2024,493.700012,494.380005,490.230011,492.549988,489.445343,75757100
2/6/2024,493.519989,494.320007,492.049988,493.980011,490.866364,55918600
2/7/2024,496.290009,498.529999,495.359985,498.100006,494.960388,70556500
2/8/2024,498.100006,498.709991,497.26001,498.320007,495.178986,52343600
2/9/2024,498.839996,501.649994,498.48999,501.200012,498.040863,63979400
2/12/2024,501.170013,503.5,500.23999,500.980011,497.822235,56502300
2/13/2024,494.529999,497.089996,490.720001,494.079987,490.965729,113099200
2/14/2024,496.790009,499.070007,494.399994,498.570007,495.427429,68387800
2/15/2024,499.290009,502.200012,498.799988,502.01001,498.845764,61683000
2/16/2024,501.700012,502.869995,498.75,499.51001,496.361511,75461200
2/20/2024,497.720001,498.410004,494.450012,496.76001,493.628845,71736700
2/21/2024,495.420013,497.369995,493.559998,497.209991,494.075989,59603800
2/22/2024,504.01001,508.48999,503.019989,507.5,504.301147,76402500
2/23/2024,509.269989,510.130005,507.100006,507.850006,504.648926,61321800
2/26/2024,508.299988,508.75,505.859985,505.98999,502.800629,50386700
2/27/2024,506.700012,507.160004,504.75,506.929993,503.734741,48854500
2/28/2024,505.329987,506.859985,504.959991,506.26001,503.06897,56506600
2/29/2024,508.070007,509.73999,505.350006,508.079987,504.877472,83924800
3/1/2024,508.980011,513.289978,508.559998,512.849976,509.617401,76805900
3/4/2024,512.030029,514.200012,512,512.299988,509.070892,49799300
3/5/2024,510.23999,510.700012,504.910004,507.179993,503.983124,72855600
3/6/2024,510.549988,512.070007,508.420013,509.75,506.536926,68382400
3/7/2024,513.140015,515.890015,509.809998,514.809998,511.565033,58652100
3/8/2024,515.460022,518.219971,511.130005,511.720001,508.494537,86425500
3/11/2024,510.480011,511.880005,508.5,511.279999,508.057312,62557200
3/12/2024,513.450012,517.380005,510.859985,516.780029,513.522644,73114400
3/13/2024,517.109985,517.289978,514.48999,515.969971,512.717773,55104100
3/14/2024,516.969971,517.130005,511.820007,514.950012,511.704163,110171800
3/15/2024,510.209991,511.700012,508.119995,509.829987,508.190521,107585800
3/18/2024,514,515.47998,512.440002,512.859985,511.210754,88893300
3/19/2024,512.150024,516,511.119995,515.710022,514.051636,60755300
3/20/2024,515.77002,520.619995,515.080017,520.47998,518.806274,69594600
3/21/2024,523.390015,524.109985,521.909973,522.200012,520.520752,60256100
3/22/2024,522.109985,522.609985,520.969971,521.210022,519.533936,79023000
3/25/2024,519.799988,520.950012,519.609985,519.77002,518.098572,48512100
3/26/2024,521.22998,521.580017,518.400024,518.809998,517.141663,65463700
3/27/2024,521.710022,523.210022,519.48999,523.169983,521.48761,82999800
3/28/2024,523.210022,524.609985,522.780029,523.070007,521.387939,96294900
4/1/2024,523.830017,524.380005,520.969971,522.159973,520.480835,62477500
4/2/2024,518.23999,518.97998,516.47998,518.840027,517.17157,74230300
4/3/2024,517.719971,520.950012,517.669983,519.409973,517.739685,59155800
4/4/2024,523.52002,523.869995,512.76001,513.070007,511.420105,96858100
4/5/2024,514.460022,520.440002,514.01001,518.429993,516.762878,74482100
4/8/2024,519.150024,520.179993,517.890015,518.719971,517.05188,48401800
4/9/2024,520.5,520.75,514.349976,519.320007,517.650024,68124400
4/10/2024,513.47998,516.159973,512.090027,514.119995,512.466736,82652800
4/11/2024,515.679993,519.47998,512.080017,518,516.334229,70099000
4/12/2024,514.369995,515.820007,509.079987,510.850006,509.207245,92469100
4/15/2024,515.130005,515.299988,503.579987,504.450012,502.82785,92101400
4/16/2024,504.940002,506.5,502.209991,503.529999,501.910797,73484000
4/17/2024,506.049988,506.220001,499.119995,500.549988,498.940369,75910300
4/18/2024,501.980011,504.130005,498.559998,499.519989,497.913666,74548100
4/19/2024,499.440002,500.459991,493.859985,495.160004,493.567688,102129100
4/22/2024,497.829987,502.380005,495.429993,499.720001,498.113037,67961000
4/23/2024,501.779999,506.089996,499.529999,505.649994,504.023956,64633600
4/24/2024,506.559998,507.369995,503.130005,505.410004,503.784729,55928100
4/25/2024,499.179993,504.269989,497.48999,503.48999,501.870911,69122400
4/26/2024,506.350006,509.880005,505.700012,508.26001,506.62558,64306100
4/29/2024,510.089996,510.75,507.25,510.059998,508.419769,46415400
4/30/2024,508.559998,509.559998,501.980011,501.980011,500.365784,77483600
5/1/2024,501.380005,508.190002,499.869995,500.350006,498.741028,80242800
5/2/2024,504.149994,505.890015,499.549988,505.029999,503.405945,62550200
5/3/2024,511.160004,512.549988,508.559998,511.290009,509.645844,72756700
5/6/2024,513.75,516.609985,513.299988,516.570007,514.908875,47264700
5/7/2024,517.559998,518.570007,516.450012,517.140015,515.477051,52561300
5/8/2024,515.26001,517.73999,515.140015,517.190002,515.526855,42047200
5/9/2024,517.380005,520.210022,516.710022,520.169983,518.497253,43643700
5/10/2024,521.809998,522.640015,519.590027,520.840027,519.165161,52233200
5/13/2024,522.559998,522.669983,519.73999,520.909973,519.234863,36716400
5/14/2024,521.109985,523.830017,520.559998,523.299988,521.617188,57535900
5/15/2024,525.830017,530.080017,525.179993,529.780029,528.076416,59504900
5/16/2024,529.880005,531.52002,528.539978,528.690002,526.989868,50244800
5/17/2024,528.809998,529.52002,527.320007,529.450012,527.747437,59187600
5/20/2024,529.570007,531.559998,529.169983,530.059998,528.355469,37764200
5/21/2024,529.280029,531.52002,529.070007,531.359985,529.651245,33437000
5/22/2024,530.650024,531.380005,527.599976,529.830017,528.126221,48390000
5/23/2024,532.960022,533.070007,524.719971,525.960022,524.268677,57211200
5/24/2024,527.849976,530.27002,526.880005,529.440002,527.737488,41258400
5/28/2024,530.27002,530.51001,527.109985,529.809998,528.106262,36269600
5/29/2024,525.679993,527.309998,525.369995,526.099976,524.408203,45190300
5/30/2024,524.52002,525.200012,521.330017,522.609985,520.929382,46468500
5/31/2024,523.590027,527.5,518.359985,527.369995,525.674133,90785800
6/3/2024,529.02002,529.309998,522.599976,527.799988,526.102722,46835700
6/4/2024,526.460022,529.150024,524.960022,528.390015,526.690857,34632700
6/5/2024,530.77002,534.690002,528.72998,534.669983,532.950623,47610400
6/6/2024,534.97998,535.419983,532.679993,534.659973,532.940674,30808500
6/7/2024,533.659973,536.890015,532.539978,534.01001,532.292786,43224500
6/10/2024,533.179993,535.98999,532.570007,535.659973,533.937439,35729300
6/11/2024,534.070007,537.01001,532.049988,536.950012,535.223328,36383400
6/12/2024,541.630005,544.119995,540.299988,541.359985,539.619141,63251300
6/13/2024,543.150024,543.330017,539.590027,542.450012,540.705627,44760900
6/14/2024,540.880005,542.809998,539.849976,542.780029,541.034607,40089900
6/17/2024,542.080017,548.530029,541.609985,547.099976,545.340637,55839500
6/18/2024,547.159973,548.619995,546.72998,548.48999,546.726196,41376400
6/20/2024,549.440002,550.119995,545.179993,547,545.240967,70328200
6/21/2024,544.400024,545.650024,543.02002,544.51001,544.51001,64513900
6/24/2024,544.330017,546.950012,542.619995,542.73999,542.73999,45528700
6/25/2024,543.98999,545.200012,542.440002,544.830017,544.830017,38273300
6/26/2024,543.690002,546.23999,543.030029,545.51001,545.51001,38550600
6/27/2024,545.369995,546.960022,544.609985,546.369995,546.369995,35041500
6/28/2024,547.159973,550.280029,542.950012,544.219971,544.219971,76144500
7/1/2024,545.630005,545.880005,542.52002,545.340027,545.340027,40297800
7/2/2024,543.700012,549.01001,543.650024,549.01001,549.01001,40434800
7/3/2024,548.690002,551.830017,548.650024,551.460022,551.460022,32789900
7/5/2024,551.77002,555.049988,551.119995,554.640015,554.640015,41488400
7/8/2024,555.440002,556.25,554.190002,555.280029,555.280029,36110500
7/9/2024,556.26001,557.179993,555.52002,555.820007,555.820007,27289700
7/10/2024,557.070007,561.669983,556.77002,561.320007,561.320007,38701200
7/11/2024,561.440002,562.330017,555.830017,556.47998,556.47998,53054200
7/12/2024,557.630005,563.669983,557.150024,559.98999,559.98999,53084400
7/15/2024,562.030029,564.840027,559.630005,561.530029,561.530029,40584300
7/16/2024,562.869995,565.159973,562.099976,564.859985,564.859985,36475300
7/17/2024,558.799988,560.51001,556.609985,556.940002,556.940002,57119000
7/18/2024,558.51001,559.52002,550.429993,552.659973,552.659973,56270400
7/19/2024,552.419983,554.080017,547.909973,548.98999,548.98999,65509100
7/22/2024,553,555.27002,551.02002,554.650024,554.650024,43346700
7/23/2024,554.539978,556.73999,553.280029,553.780029,553.780029,34439600
7/24/2024,548.859985,549.169983,540.289978,541.22998,541.22998,74515300
7/25/2024,541.349976,547.460022,537.450012,538.409973,538.409973,61158300
7/26/2024,542.280029,547.190002,541.48999,544.440002,544.440002,53763800
7/29/2024,546.02002,547.049988,542.719971,544.76001,544.76001,39515800
7/30/2024,546.26001,547.340027,538.52002,542,542,46853600
7/31/2024,548.97998,553.5,547.580017,550.809998,550.809998,65663400
8/1/2024,552.570007,554.869995,539.429993,543.01001,543.01001,76428700
8/2/2024,535.75,536.98999,528.599976,532.900024,532.900024,82789100
8/5/2024,511.640015,523.580017,510.269989,517.380005,517.380005,146267400
8/6/2024,519.219971,529.75,517.869995,522.150024,522.150024,84826300
8/7/2024,528.469971,531.590027,518.049988,518.659973,518.659973,70698300
8/8/2024,523.909973,531.289978,521.840027,530.650024,530.650024,63276600
8/9/2024,529.809998,534.51001,528.559998,532.98999,532.98999,45619600
8/12/2024,534.210022,535.72998,530.950012,533.27002,533.27002,42542100
8/13/2024,536.530029,542.280029,536.280029,542.039978,542.039978,52333100
8/14/2024,542.849976,544.960022,540.119995,543.75,543.75,42446900
8/15/2024,549.5,553.359985,548.880005,553.070007,553.070007,60846800
8/16/2024,551.419983,555.02002,551.26001,554.309998,554.309998,44430700
8/19/2024,554.72998,559.609985,553.859985,559.609985,559.609985,39121800
8/20/2024,559.150024,560.840027,557.330017,558.700012,558.700012,33732300
8/21/2024,559.77002,562.109985,554.72998,560.619995,560.619995,41467000
